{"type":"FeatureCollection","features":[{"type":"Feature","properties":{"nombre":"Boaco","iso":"NI-BO"},"geometry":{"type":"Polygon","coordinates":[[[-85.67037,11.7096],[-85.78377,12.11943],[-85.78557,12.12208],[-85.78582,12.13192],[-85.78643,12.13324],[-85.79375,12.13573],[-85.79449,12.13684],[-85.79324,12.13975],[-85.79669,12.14156],[-85.79862,12.14099],[-85.80206,12.14272],[-85.80523,12.14037],[-85.81323,12.14139],[-85.81725,12.14905],[-85.81443,12.155],[-85.81524,12.15602],[-85.81421,12.15823],[-85.81581,12.16046],[-85.81349,12.16459],[-85.81527,12.17077],[-85.81383,12.1732],[-85.81507,12.17504],[-85.81289,12.17771],[-85.81406,12.1791],[-85.8143,12.18427],[-85.81254,12.18659],[-85.81502,12.19279],[-85.81676,12.19249],[-85.81765,12.19544],[-85.8203,12.19643],[-85.81975,12.19792],[-85.82307,12.19884],[-85.82372,12.2021],[-85.82561,12.2026],[-85.82633,12.2057],[-85.825,12.20625],[-85.82612,12.20766],[-85.82356,12.21197],[-85.8246,12.21283],[-85.82415,12.21531],[-85.82302,12.21523],[-85.82136,12.21958],[-85.82246,12.22097],[-85.82169,12.22281],[-85.82373,12.2237],[-85.82455,12.22703],[-85.82108,12.23285],[-85.82143,12.23506],[-85.82004,12.23579],[-85.82112,12.23767],[-85.81867,12.23949],[-85.81851,12.24283],[-85.81643,12.24358],[-85.81735,12.24777],[-85.81409,12.25202],[-85.81139,12.25274],[-85.80981,12.25594],[-85.81098,12.26187],[-85.80996,12.26691],[-85.80164,12.27469],[-85.79991,12.27478],[-85.79854,12.27769],[-85.79434,12.27913],[-85.83202,12.27616],[-85.88874,12.32506],[-85.9039,12.32515],[-85.92854,12.3439],[-85.93335,12.35082],[-85.92958,12.3571],[-85.92342,12.35752],[-85.91566,12.38862],[-85.91285,12.395],[-85.91499,12.39719],[-85.92397,12.40091],[-85.92488,12.40311],[-85.92612,12.40278],[-85.92785,12.41546],[-85.93206,12.41539],[-85.93915,12.41758],[-85.93948,12.41879],[-85.9346,12.41863],[-85.93738,12.42074],[-85.94445,12.42218],[-85.94541,12.42583],[-85.95356,12.43009],[-85.95408,12.43144],[-85.95126,12.43368],[-85.95643,12.43572],[-85.957,12.43706],[-85.95567,12.43939],[-85.96068,12.43867],[-85.96288,12.44045],[-85.96153,12.4438],[-85.96535,12.44635],[-85.96569,12.44852],[-85.96777,12.45031],[-85.96362,12.45123],[-85.96682,12.45707],[-85.96784,12.46182],[-85.97048,12.46233],[-85.97294,12.46544],[-85.97671,12.46675],[-85.97433,12.47031],[-85.97809,12.47643],[-85.97792,12.4834],[-85.97464,12.48409],[-85.97729,12.48613],[-85.97727,12.48818],[-85.97965,12.49086],[-85.9781,12.49546],[-85.98204,12.49903],[-85.98379,12.49866],[-85.98191,12.50404],[-85.98684,12.50602],[-85.98381,12.50649],[-85.98333,12.50834],[-85.9844,12.51399],[-85.98667,12.51543],[-85.9871,12.5174],[-85.98283,12.52109],[-85.98291,12.52274],[-85.98013,12.52625],[-85.98127,12.52757],[-85.98075,12.53004],[-85.97863,12.53094],[-85.97824,12.5345],[-85.9753,12.53494],[-85.97456,12.53699],[-85.97118,12.53945],[-85.97132,12.54199],[-85.96942,12.54443],[-85.97067,12.54625],[-85.96896,12.54635],[-85.96708,12.55006],[-85.94351,12.55524],[-85.93662,12.57155],[-85.92427,12.57131],[-85.92228,12.56936],[-85.91698,12.57296],[-85.91802,12.5733],[-85.91504,12.5758],[-85.91488,12.57845],[-85.91197,12.57974],[-85.91005,12.58385],[-85.90637,12.58219],[-85.90004,12.58639],[-85.8977,12.59103],[-85.89566,12.59203],[-85.89545,12.59548],[-85.89126,12.59739],[-85.88772,12.60517],[-85.8892,12.60698],[-85.88823,12.60778],[-85.88868,12.61454],[-85.88626,12.6151],[-85.88633,12.62018],[-85.89193,12.62138],[-85.89225,12.62486],[-85.89407,12.62602],[-85.88898,12.62753],[-85.88911,12.63302],[-85.88503,12.63511],[-85.87863,12.63715],[-85.87549,12.63513],[-85.87175,12.63733],[-85.8687,12.63393],[-85.86122,12.63304],[-85.85827,12.63607],[-85.83624,12.64716],[-85.80829,12.64875],[-85.76797,12.63808],[-85.72575,12.6601],[-85.68505,12.66039],[-85.68145,12.65678],[-85.68009,12.65695],[-85.68008,12.6541],[-85.67709,12.6547],[-85.67408,12.6574],[-85.67176,12.6563],[-85.67108,12.65751],[-85.66731,12.65821],[-85.66095,12.65575],[-85.65929,12.65068],[-85.65457,12.65592],[-85.64728,12.65242],[-85.64604,12.65297],[-85.64744,12.65494],[-85.64167,12.65458],[-85.64074,12.65754],[-85.64376,12.6579],[-85.63791,12.66028],[-85.63771,12.66299],[-85.63442,12.66364],[-85.63198,12.66091],[-85.63004,12.6662],[-85.62812,12.66498],[-85.62908,12.66252],[-85.62785,12.66203],[-85.62409,12.66444],[-85.62171,12.66414],[-85.61999,12.66677],[-85.61715,12.66665],[-85.61556,12.66933],[-85.60455,12.66546],[-85.60381,12.66937],[-85.59981,12.67076],[-85.59862,12.67341],[-85.5929,12.67103],[-85.58743,12.67616],[-85.58498,12.67184],[-85.57627,12.6734],[-85.57387,12.67686],[-85.57153,12.67672],[-85.56852,12.67899],[-85.56927,12.68332],[-85.56801,12.68343],[-85.56755,12.68094],[-85.56471,12.68143],[-85.56657,12.68634],[-85.56967,12.68467],[-85.56857,12.68913],[-85.56732,12.68825],[-85.56477,12.69076],[-85.56191,12.68859],[-85.55721,12.69266],[-85.556,12.69707],[-85.55329,12.69958],[-85.55397,12.70295],[-85.55133,12.70336],[-85.54946,12.71],[-85.54505,12.71283],[-85.54339,12.71132],[-85.5399,12.71292],[-85.53847,12.70961],[-85.53803,12.71124],[-85.53445,12.71065],[-85.53308,12.70936],[-85.5346,12.7071],[-85.52978,12.70506],[-85.52752,12.70724],[-85.52456,12.70634],[-85.52452,12.70503],[-85.51997,12.70163],[-85.51929,12.70446],[-85.51684,12.70604],[-85.51653,12.70846],[-85.51359,12.70709],[-85.51055,12.70938],[-85.51085,12.71259],[-85.50906,12.71223],[-85.50775,12.71651],[-85.50619,12.71557],[-85.50599,12.71202],[-85.50126,12.70937],[-85.49438,12.71511],[-85.49049,12.71044],[-85.4849,12.71064],[-85.48269,12.71271],[-85.47784,12.714],[-85.47489,12.7087],[-85.47485,12.7026],[-85.47369,12.70057],[-85.46936,12.7025],[-85.46744,12.69976],[-85.45777,12.69904],[-85.45629,12.70144],[-85.46041,12.70418],[-85.45801,12.70612],[-85.4593,12.71098],[-85.45732,12.71358],[-85.4528,12.71567],[-85.45101,12.7189],[-85.44866,12.71781],[-85.44479,12.71998],[-85.44236,12.71772],[-85.43931,12.71955],[-85.43395,12.71986],[-85.42127,12.73117],[-85.41492,12.73898],[-85.40862,12.74305],[-85.40703,12.74198],[-85.40662,12.73881],[-85.39226,12.73363],[-85.37865,12.72272],[-85.37267,12.71001],[-85.37198,12.69903],[-85.36873,12.69539],[-85.36549,12.69586],[-85.36414,12.70033],[-85.36125,12.70354],[-85.3617,12.70977],[-85.35939,12.71186],[-85.3511,12.70558],[-85.34388,12.70607],[-85.33862,12.7039],[-85.33527,12.70833],[-85.32949,12.70638],[-85.32834,12.70443],[-85.33045,12.69859],[-85.32431,12.69366],[-85.31863,12.68241],[-85.31433,12.68227],[-85.30264,12.68857],[-85.29367,12.69005],[-85.28891,12.68372],[-85.28692,12.67655],[-85.29062,12.66957],[-85.29734,12.66239],[-85.29884,12.6571],[-85.29605,12.65789],[-85.29117,12.65641],[-85.27957,12.66524],[-85.27573,12.66057],[-85.27084,12.6596],[-85.26777,12.66193],[-85.26378,12.66957],[-85.26105,12.67008],[-85.25896,12.66518],[-85.25915,12.65873],[-85.25366,12.65062],[-85.24892,12.6457],[-85.23978,12.64118],[-85.2414,12.63592],[-85.24191,12.62699],[-85.24017,12.62535],[-85.23571,12.62528],[-85.23103,12.61907],[-85.22899,12.61964],[-85.22868,12.62258],[-85.22432,12.62948],[-85.218,12.63563],[-85.21464,12.63698],[-85.20592,12.63399],[-85.19996,12.63556],[-85.1968,12.63506],[-85.19557,12.63338],[-85.19479,12.62568],[-85.19357,12.62381],[-85.19141,12.62334],[-85.1879,12.62571],[-85.18213,12.63418],[-85.18346,12.64153],[-85.18829,12.64705],[-85.18954,12.65051],[-85.18921,12.65224],[-85.18256,12.65869],[-85.17947,12.66064],[-85.1769,12.66059],[-85.17099,12.6529],[-85.16494,12.65008],[-85.15733,12.65266],[-85.15878,12.65778],[-85.1549,12.66184],[-85.15422,12.66434],[-85.15758,12.67316],[-85.15605,12.67458],[-85.15601,12.67808],[-85.16247,12.68468],[-85.1665,12.7005],[-85.16308,12.70287],[-85.15682,12.70151],[-85.15119,12.70468],[-85.14996,12.70735],[-85.15294,12.7147],[-85.14914,12.72021],[-85.14512,12.72299],[-85.13673,12.72408],[-85.13384,12.72559],[-85.12625,12.73793],[-85.12627,12.73993],[-85.13355,12.74187],[-85.13589,12.74701],[-85.13971,12.75067],[-85.14002,12.75272],[-85.13862,12.7539],[-85.13064,12.75355],[-85.13046,12.76083],[-85.13352,12.76665],[-85.12583,12.76827],[-85.12367,12.77451],[-85.1249,12.78006],[-85.11901,12.78914],[-85.11123,12.79458],[-85.10799,12.79497],[-85.0966,12.8003],[-85.09113,12.79855],[-85.08744,12.80077],[-85.08107,12.80052],[-85.07926,12.79311],[-85.07411,12.79214],[-85.07147,12.78812],[-85.0608,12.78042],[-85.05736,12.77915],[-85.05266,12.78188],[-85.05031,12.78051],[-85.04803,12.77394],[-85.02949,12.7536],[-85.02646,12.75263],[-85.02394,12.75598],[-85.02038,12.75251],[-85.01842,12.74686],[-85.01598,12.74451],[-85.01796,12.74245],[-85.01569,12.73592],[-85.01088,12.73669],[-85.01031,12.7332],[-85.00719,12.73378],[-85.00564,12.73086],[-85.0073,12.72967],[-85.00605,12.72867],[-85.00811,12.72716],[-85.00683,12.72546],[-85.00691,12.72209],[-85.00859,12.72111],[-85.0077,12.71846],[-85.00929,12.71525],[-85.00729,12.71185],[-85.00748,12.70933],[-85.00493,12.70848],[-85.00706,12.70743],[-85.00547,12.70563],[-85.00711,12.70307],[-85.00575,12.69922],[-85.00766,12.69724],[-85.00726,12.693],[-85.00125,12.68939],[-85.00188,12.68853],[-85.00078,12.68749],[-85.0021,12.68502],[-85.00028,12.68341],[-84.99725,12.68427],[-84.99558,12.67914],[-84.98976,12.67453],[-84.98809,12.6687],[-84.98544,12.66757],[-84.98541,12.66612],[-84.98293,12.66498],[-84.98167,12.66275],[-84.9801,12.66262],[-84.97919,12.65964],[-84.95545,12.63169],[-84.95321,12.63051],[-84.95224,12.627],[-84.95246,12.62512],[-84.95471,12.62341],[-84.95672,12.62402],[-84.95682,12.62248],[-84.95901,12.62321],[-84.96105,12.62166],[-84.96219,12.62302],[-84.96486,12.62259],[-84.96879,12.61905],[-84.97083,12.61951],[-84.97281,12.6162],[-84.97492,12.61604],[-84.97509,12.61064],[-84.97851,12.60827],[-84.99934,12.57618],[-85.01133,12.56117],[-85.01754,12.54565],[-85.02983,12.52682],[-85.0185,12.5019],[-85.06893,12.47692],[-85.08461,12.44432],[-85.08774,12.44347],[-85.08899,12.43991],[-85.09074,12.43897],[-85.09158,12.4367],[-85.0903,12.43437],[-85.09339,12.43301],[-85.09441,12.43389],[-85.10208,12.43252],[-85.10175,12.43112],[-85.10362,12.43077],[-85.10487,12.42731],[-85.10783,12.42466],[-85.11136,12.41568],[-85.1156,12.41556],[-85.11832,12.41839],[-85.11785,12.42032],[-85.12003,12.42036],[-85.1222,12.42562],[-85.12377,12.42509],[-85.12863,12.42807],[-85.13235,12.42785],[-85.13151,12.42937],[-85.13271,12.43103],[-85.17322,12.42869],[-85.18963,12.4377],[-85.22032,12.41256],[-85.25543,12.36394],[-85.28849,12.36455],[-85.30801,12.35503],[-85.3315,12.35858],[-85.34896,12.34573],[-85.42658,12.31762],[-85.43729,12.32747],[-85.43852,12.32601],[-85.44584,12.32648],[-85.46225,12.31066],[-85.46588,12.31515],[-85.46853,12.31509],[-85.47244,12.31863],[-85.47376,12.31819],[-85.47296,12.32067],[-85.4775,12.32287],[-85.47962,12.32778],[-85.48581,12.33225],[-85.48824,12.33179],[-85.49009,12.32722],[-85.49618,12.32861],[-85.51205,12.3214],[-85.51558,12.32752],[-85.53019,12.3305],[-85.53072,12.33377],[-85.5358,12.33733],[-85.53803,12.3365],[-85.54555,12.33759],[-85.55277,12.34362],[-85.55642,12.3371],[-85.55892,12.3371],[-85.56154,12.33504],[-85.56704,12.33549],[-85.56876,12.33363],[-85.57524,12.33168],[-85.57604,12.32907],[-85.57902,12.32622],[-85.57881,12.32421],[-85.58825,12.33177],[-85.59645,12.35901],[-85.61755,12.34184],[-85.63217,12.29548],[-85.63196,12.28027],[-85.63828,12.2375],[-85.64027,12.16984],[-85.66683,12.11367],[-85.67309,12.07248],[-85.67438,12.07072],[-85.67037,11.7096]]]}},{"type":"Feature","properties":{"nombre":"Carazo","iso":"NI-CA"},"geometry":{"type":"Polygon","coordinates":[[[-86.37489,11.41417],[-86.38416,11.42155],[-86.40905,11.43101],[-86.43566,11.44519],[-86.47416,11.47245],[-86.49103,11.48672],[-86.50334,11.49938],[-86.53561,11.54132],[-86.55555,11.55355],[-86.58358,11.57453],[-86.44187,11.7198],[-86.4391,11.72476],[-86.43844,11.72968],[-86.4406,11.7324],[-86.43973,11.73443],[-86.4428,11.73671],[-86.44203,11.73949],[-86.44423,11.7443],[-86.44602,11.74452],[-86.44952,11.74838],[-86.44613,11.7511],[-86.44167,11.75088],[-86.44555,11.7538],[-86.44219,11.75588],[-86.4397,11.75591],[-86.43802,11.75866],[-86.4409,11.76143],[-86.4389,11.76672],[-86.43465,11.77054],[-86.42461,11.77362],[-86.42202,11.78077],[-86.41831,11.78039],[-86.41555,11.78494],[-86.41124,11.7862],[-86.40914,11.78524],[-86.40784,11.78883],[-86.40637,11.78729],[-86.40387,11.78823],[-86.40108,11.78698],[-86.39606,11.79003],[-86.39501,11.79232],[-86.39173,11.79331],[-86.38968,11.79654],[-86.39219,11.79829],[-86.39045,11.79952],[-86.39061,11.80141],[-86.38761,11.80327],[-86.3873,11.80664],[-86.38339,11.8072],[-86.37953,11.81077],[-86.37811,11.81869],[-86.37533,11.81947],[-86.37507,11.82235],[-86.37635,11.82332],[-86.37269,11.82808],[-86.36991,11.82803],[-86.36854,11.83546],[-86.36512,11.83996],[-86.36417,11.84354],[-86.36189,11.84514],[-86.35626,11.85371],[-86.35089,11.8575],[-86.35356,11.86208],[-86.34971,11.86613],[-86.34805,11.87173],[-86.34483,11.87326],[-86.34358,11.89691],[-86.32593,11.91288],[-86.32883,11.91961],[-86.32805,11.9212],[-86.32578,11.92133],[-86.32317,11.92592],[-86.32108,11.92635],[-86.3174,11.93011],[-86.30849,11.93449],[-86.29311,11.95443],[-86.29131,11.95219],[-86.28744,11.95211],[-86.28532,11.94996],[-86.279,11.94705],[-86.2773,11.94737],[-86.27327,11.94367],[-86.26881,11.94316],[-86.26306,11.94077],[-86.26253,11.93933],[-86.26098,11.93997],[-86.25885,11.93674],[-86.25689,11.93725],[-86.25447,11.93606],[-86.25479,11.93521],[-86.24913,11.93394],[-86.24868,11.93256],[-86.24688,11.93362],[-86.24583,11.93177],[-86.23667,11.93209],[-86.23374,11.9314],[-86.23352,11.93015],[-86.23007,11.93109],[-86.22824,11.92997],[-86.22677,11.93119],[-86.22585,11.93027],[-86.2223,11.93106],[-86.22145,11.92886],[-86.20814,11.92285],[-86.20701,11.92465],[-86.20486,11.92516],[-86.20283,11.92375],[-86.19961,11.92473],[-86.19674,11.92261],[-86.19531,11.92436],[-86.19266,11.92257],[-86.18742,11.92268],[-86.18664,11.92367],[-86.18579,11.92283],[-86.1831,11.92475],[-86.1791,11.92368],[-86.17959,11.92515],[-86.17565,11.92568],[-86.17378,11.92474],[-86.17819,11.91407],[-86.17653,11.91108],[-86.1728,11.90898],[-86.17463,11.9053],[-86.17069,11.89552],[-86.1577,11.89184],[-86.15389,11.88883],[-86.16273,11.88016],[-86.16421,11.85645],[-86.15422,11.856],[-86.15663,11.84895],[-86.15923,11.84642],[-86.15883,11.84431],[-86.14406,11.84135],[-86.13929,11.84284],[-86.138,11.84185],[-86.13389,11.84418],[-86.1313,11.84385],[-86.12847,11.84088],[-86.11564,11.83807],[-86.10257,11.83307],[-86.10042,11.83481],[-86.09867,11.83404],[-86.09811,11.83876],[-86.08855,11.83995],[-86.08885,11.83696],[-86.08417,11.82865],[-86.09393,11.81369],[-86.09222,11.80544],[-86.09247,11.79944],[-86.10101,11.79762],[-86.09807,11.79565],[-86.09755,11.79338],[-86.09126,11.78629],[-86.09062,11.78443],[-86.09356,11.77939],[-86.08993,11.77686],[-86.08984,11.77298],[-86.08535,11.76219],[-86.086,11.75914],[-86.10174,11.73972],[-86.09642,11.73605],[-86.09546,11.73381],[-86.09278,11.73313],[-86.09338,11.73118],[-86.09145,11.72226],[-86.09276,11.72102],[-86.09125,11.72022],[-86.09209,11.7194],[-86.09123,11.71797],[-86.09031,11.71869],[-86.08968,11.71754],[-86.09629,11.71552],[-86.09755,11.71672],[-86.10151,11.71398],[-86.1021,11.71629],[-86.10531,11.71479],[-86.10708,11.71637],[-86.10833,11.71453],[-86.1125,11.71481],[-86.11342,11.7165],[-86.11436,11.71502],[-86.11909,11.71375],[-86.12135,11.71608],[-86.1251,11.71066],[-86.12673,11.7105],[-86.12576,11.70657],[-86.12752,11.70313],[-86.12667,11.70278],[-86.12801,11.70207],[-86.1275,11.70018],[-86.12953,11.69819],[-86.12907,11.69522],[-86.13057,11.69431],[-86.12747,11.69006],[-86.12723,11.68356],[-86.12621,11.68265],[-86.12734,11.68141],[-86.12738,11.67778],[-86.1287,11.67708],[-86.12761,11.67084],[-86.12131,11.66542],[-86.13246,11.65857],[-86.12596,11.64572],[-86.12725,11.64217],[-86.12409,11.63786],[-86.12384,11.63518],[-86.12211,11.63364],[-86.12276,11.63286],[-86.11871,11.63132],[-86.11692,11.62837],[-86.11431,11.62793],[-86.11485,11.6257],[-86.11262,11.62493],[-86.11155,11.61919],[-86.11066,11.62023],[-86.11053,11.61812],[-86.10713,11.61755],[-86.10873,11.61645],[-86.10737,11.6147],[-86.11204,11.61093],[-86.11092,11.60853],[-86.11227,11.60886],[-86.11319,11.60738],[-86.1139,11.60907],[-86.11652,11.60861],[-86.11745,11.60763],[-86.1158,11.60584],[-86.11919,11.60664],[-86.12092,11.6048],[-86.11777,11.60279],[-86.11937,11.60166],[-86.11916,11.59927],[-86.12214,11.59718],[-86.12496,11.59704],[-86.12859,11.59143],[-86.13147,11.59122],[-86.13183,11.58871],[-86.13499,11.58682],[-86.13758,11.5872],[-86.1379,11.58444],[-86.14201,11.58296],[-86.14567,11.57957],[-86.14491,11.57736],[-86.14776,11.57613],[-86.14802,11.57433],[-86.14963,11.5743],[-86.14772,11.56996],[-86.1495,11.56398],[-86.149,11.56035],[-86.147,11.55819],[-86.15223,11.55723],[-86.15127,11.55501],[-86.15282,11.55369],[-86.15702,11.55407],[-86.15555,11.54959],[-86.156,11.54449],[-86.16216,11.53835],[-86.16163,11.53551],[-86.16548,11.5319],[-86.16358,11.52852],[-86.17216,11.52477],[-86.17118,11.52121],[-86.172,11.5193],[-86.33176,11.37035],[-86.35077,11.39795],[-86.37489,11.41417]]]}},{"type":"Feature","properties":{"nombre":"Chinandega","iso":"NI-CI"},"geometry":{"type":"Polygon","coordinates":[[[-87.38494,12.40266],[-87.39237,12.40759],[-87.41646,12.41457],[-87.44095,12.42516],[-87.46015,12.43632],[-87.47799,12.44946],[-87.4948,12.46493],[-87.51125,12.4835],[-87.53867,12.52347],[-87.55299,12.54961],[-87.56379,12.56444],[-87.57927,12.57873],[-87.59333,12.59477],[-87.6218,12.61441],[-87.64526,12.63675],[-87.68891,12.6629],[-87.71536,12.67705],[-87.77107,12.71422],[-87.81639,12.74977],[-87.8419,12.77483],[-87.85778,12.79435],[-87.87138,12.81623],[-87.88082,12.83603],[-87.88899,12.86018],[-87.89404,12.88525],[-87.89576,12.9071],[-87.89505,12.92901],[-87.89159,12.95219],[-87.84649,12.99358],[-87.82518,13.01531],[-87.80448,13.07318],[-87.72997,13.10901],[-87.68675,13.12242],[-87.63293,13.12599],[-87.59715,13.1707],[-87.54585,13.17808],[-87.52073,13.15378],[-87.51086,13.13496],[-87.49439,13.08764],[-87.45661,13.04936],[-87.42308,13.03148],[-87.39449,12.98372],[-87.30833,12.98767],[-87.06471,13.00238],[-87.0643,12.99869],[-87.06009,12.99306],[-87.05647,12.99176],[-87.04955,12.99239],[-87.05337,12.98596],[-87.05047,12.98097],[-87.04937,12.98239],[-87.05099,12.98591],[-87.04902,12.98827],[-87.04429,12.98828],[-87.04343,12.98582],[-87.03058,12.98707],[-87.02904,12.98607],[-87.02397,12.99135],[-87.02492,12.99435],[-87.02383,12.99723],[-87.02764,13.00246],[-87.02294,13.00815],[-87.01997,13.00809],[-87.01664,13.00531],[-87.0173,13.00299],[-87.0201,13.00203],[-87.01978,12.99974],[-87.00954,13.00307],[-87.00719,13.01111],[-87.00207,13.01415],[-86.99817,13.01921],[-86.98843,13.02388],[-86.98482,13.02154],[-86.97797,13.02097],[-86.97533,13.02623],[-86.97152,13.0288],[-86.9637,13.03017],[-86.96277,13.03305],[-86.95539,13.03751],[-86.95879,13.05207],[-86.95436,13.05534],[-86.954,13.06374],[-86.94825,13.06773],[-86.94295,13.06862],[-86.93435,13.07903],[-86.92542,13.08321],[-86.92244,13.09038],[-86.9181,13.09222],[-86.91827,13.09462],[-86.91577,13.09919],[-86.91894,13.1033],[-86.92276,13.1021],[-86.928,13.10248],[-86.92634,13.10793],[-86.92774,13.12048],[-86.93004,13.1236],[-86.93315,13.12371],[-86.93445,13.12561],[-86.92373,13.13264],[-86.9217,13.13934],[-86.92178,13.14226],[-86.92452,13.14529],[-86.92344,13.14852],[-86.91931,13.15128],[-86.91326,13.15167],[-86.91461,13.15876],[-86.92025,13.16291],[-86.92378,13.17076],[-86.93184,13.17581],[-86.9332,13.18021],[-86.93091,13.18538],[-86.93191,13.18883],[-86.93088,13.18998],[-86.92662,13.19027],[-86.92389,13.19285],[-86.92016,13.1998],[-86.92138,13.20755],[-86.91744,13.20816],[-86.91811,13.21007],[-86.91576,13.21249],[-86.91589,13.21575],[-86.92255,13.2239],[-86.92076,13.22526],[-86.91093,13.22242],[-86.90954,13.22343],[-86.91145,13.23231],[-86.91386,13.23332],[-86.91116,13.23763],[-86.91153,13.24106],[-86.9132,13.24289],[-86.91039,13.24308],[-86.90774,13.24531],[-86.90564,13.25263],[-86.9067,13.25525],[-86.91202,13.25673],[-86.91553,13.25964],[-86.91514,13.26119],[-86.91141,13.26365],[-86.90915,13.26879],[-86.90335,13.26835],[-86.90086,13.27126],[-86.89553,13.271],[-86.89303,13.27301],[-86.88893,13.27376],[-86.88346,13.2794],[-86.88122,13.2782],[-86.87989,13.28082],[-86.87554,13.28021],[-86.87476,13.28246],[-86.87695,13.28702],[-86.87496,13.28965],[-86.87292,13.29747],[-86.86983,13.29975],[-86.86762,13.30465],[-86.8506,13.30049],[-86.83519,13.30574],[-86.83366,13.31152],[-86.82844,13.31337],[-86.8196,13.31148],[-86.81545,13.30995],[-86.81312,13.30723],[-86.8,13.30304],[-86.79733,13.29822],[-86.79285,13.29852],[-86.79169,13.29444],[-86.7542,13.26763],[-86.73998,13.24913],[-86.74027,13.24488],[-86.73831,13.24284],[-86.73303,13.24062],[-86.7312,13.23764],[-86.72693,13.23692],[-86.72613,13.23428],[-86.72328,13.2321],[-86.71277,13.23213],[-86.70812,13.22587],[-86.71018,13.22035],[-86.71346,13.21722],[-86.71192,13.21547],[-86.71245,13.21367],[-86.71548,13.21043],[-86.71555,13.20622],[-86.71303,13.20371],[-86.72087,13.19709],[-86.72086,13.19522],[-86.71799,13.19153],[-86.7196,13.19024],[-86.72661,13.19335],[-86.72851,13.19298],[-86.72953,13.18844],[-86.73276,13.18574],[-86.73191,13.18375],[-86.7347,13.1792],[-86.73934,13.17416],[-86.73942,13.17174],[-86.7436,13.16993],[-86.74362,13.16779],[-86.74595,13.16544],[-86.74638,13.16074],[-86.74365,13.15687],[-86.74618,13.15509],[-86.74399,13.15015],[-86.74734,13.14703],[-86.74634,13.13417],[-86.73934,13.12224],[-86.73618,13.09738],[-86.73866,13.08846],[-86.74328,13.09027],[-86.74667,13.08799],[-86.74322,13.08616],[-86.74148,13.08172],[-86.73908,13.08241],[-86.737,13.07786],[-86.73618,13.07121],[-86.73418,13.07125],[-86.73382,13.06879],[-86.73238,13.06949],[-86.73146,13.06738],[-86.73264,13.06412],[-86.73056,13.03195],[-86.71704,13.02639],[-86.71283,13.02206],[-86.71145,13.01632],[-86.70678,13.01261],[-86.70912,13.00815],[-86.71174,13.00637],[-86.71047,13.00496],[-86.71181,13.00074],[-86.70791,12.99859],[-86.70287,12.99229],[-86.69621,12.98681],[-86.69383,12.98353],[-86.6917,12.97682],[-86.68249,12.97459],[-86.6836,12.97117],[-86.68214,12.96676],[-86.67914,12.96365],[-86.67503,12.96245],[-86.68612,12.94881],[-86.6858,12.91696],[-86.68305,12.90998],[-86.67611,12.90184],[-86.67281,12.89311],[-86.66067,12.83121],[-86.66335,12.81357],[-86.66953,12.79402],[-86.71959,12.76165],[-86.73581,12.77515],[-86.75192,12.76069],[-86.78038,12.74596],[-86.78996,12.74654],[-86.79347,12.75132],[-86.79646,12.75073],[-86.79888,12.74769],[-86.80365,12.74712],[-86.80719,12.74419],[-86.81363,12.742],[-86.82172,12.74342],[-86.82186,12.74024],[-86.81979,12.73951],[-86.81979,12.73802],[-86.81839,12.73879],[-86.81746,12.73748],[-86.81821,12.73604],[-86.81516,12.73257],[-86.81708,12.73095],[-86.81536,12.72637],[-86.81566,12.71762],[-86.81003,12.71115],[-86.80848,12.7072],[-86.83454,12.70101],[-86.84674,12.68973],[-86.87108,12.67908],[-86.87495,12.66509],[-86.87304,12.65781],[-86.87553,12.6486],[-86.8907,12.6347],[-86.89385,12.62902],[-86.90411,12.62037],[-86.90794,12.61439],[-86.91273,12.61193],[-86.91668,12.61243],[-86.92079,12.61005],[-86.92113,12.58891],[-86.92339,12.57941],[-86.92126,12.57817],[-86.92366,12.57217],[-86.92192,12.57194],[-86.92191,12.563],[-86.92412,12.55969],[-86.92425,12.55599],[-86.93189,12.54942],[-86.93405,12.55041],[-86.93882,12.52458],[-86.94424,12.5227],[-86.94628,12.52034],[-86.95307,12.5192],[-86.95638,12.51688],[-86.95274,12.51156],[-86.95544,12.51056],[-86.95864,12.5038],[-86.96323,12.50374],[-86.96495,12.51031],[-86.96964,12.50426],[-86.97358,12.50207],[-86.98097,12.49435],[-86.99127,12.48749],[-86.9937,12.48368],[-86.99731,12.48288],[-87.0033,12.47861],[-87.02506,12.47485],[-87.03804,12.46854],[-87.04267,12.47011],[-87.04568,12.46934],[-87.04896,12.47109],[-87.05276,12.47026],[-87.05518,12.47136],[-87.05535,12.47029],[-87.06451,12.46793],[-87.06597,12.46802],[-87.06655,12.46958],[-87.06733,12.46802],[-87.07552,12.46779],[-87.07749,12.4668],[-87.077,12.46537],[-87.07991,12.46544],[-87.0853,12.46812],[-87.08716,12.46596],[-87.0895,12.46654],[-87.09376,12.46496],[-87.09793,12.46495],[-87.09942,12.46713],[-87.10198,12.46555],[-87.1038,12.46653],[-87.10839,12.46339],[-87.1103,12.46474],[-87.11447,12.46409],[-87.11882,12.46149],[-87.11842,12.45235],[-87.106,12.43406],[-87.09312,12.42758],[-87.09044,12.42426],[-87.0841,12.41034],[-87.0816,12.41005],[-87.07674,12.41265],[-87.07179,12.40862],[-87.07698,12.40798],[-87.07681,12.40621],[-87.07324,12.40568],[-87.07822,12.40166],[-87.19773,12.23858],[-87.24801,12.26865],[-87.28784,12.28835],[-87.31659,12.30906],[-87.33253,12.32438],[-87.35822,12.35404],[-87.37261,12.37621],[-87.38494,12.40266]]]}},{"type":"Feature","properties":{"nombre":"Chontales","iso":"NI-CO"},"geometry":{"type":"Polygon","coordinates":[[[-85.11177,11.64197],[-85.1094,11.64017],[-85.14969,11.36714],[-85.67037,11.7096],[-85.67434,12.07106],[-85.67309,12.07248],[-85.66683,12.11367],[-85.64027,12.16984],[-85.63828,12.2375],[-85.63196,12.28027],[-85.63217,12.29548],[-85.61755,12.34184],[-85.59645,12.35901],[-85.58825,12.33177],[-85.57881,12.32421],[-85.57902,12.32622],[-85.57604,12.32907],[-85.57524,12.33168],[-85.56876,12.33363],[-85.56704,12.33549],[-85.56154,12.33504],[-85.55892,12.3371],[-85.55642,12.3371],[-85.55277,12.34362],[-85.54555,12.33759],[-85.53803,12.3365],[-85.5358,12.33733],[-85.53072,12.33377],[-85.53019,12.3305],[-85.51558,12.32752],[-85.51205,12.3214],[-85.49618,12.32861],[-85.49009,12.32722],[-85.48824,12.33179],[-85.48581,12.33225],[-85.47962,12.32778],[-85.4775,12.32287],[-85.47296,12.32067],[-85.47376,12.31819],[-85.47244,12.31863],[-85.46853,12.31509],[-85.46588,12.31515],[-85.46225,12.31066],[-85.44584,12.32648],[-85.43852,12.32601],[-85.43729,12.32747],[-85.42658,12.31762],[-85.34896,12.34573],[-85.3315,12.35858],[-85.30801,12.35503],[-85.28849,12.36455],[-85.25543,12.36394],[-85.22032,12.41256],[-85.18963,12.4377],[-85.17322,12.42869],[-85.13271,12.43103],[-85.13151,12.42937],[-85.13235,12.42785],[-85.12863,12.42807],[-85.12377,12.42509],[-85.1222,12.42562],[-85.12003,12.42036],[-85.11785,12.42032],[-85.11832,12.41839],[-85.1156,12.41556],[-85.11158,12.41553],[-85.10783,12.42466],[-85.10487,12.42731],[-85.10362,12.43077],[-85.10175,12.43112],[-85.10208,12.43252],[-85.09441,12.43389],[-85.09339,12.43301],[-85.0903,12.43437],[-85.09158,12.4367],[-85.09074,12.43897],[-85.08899,12.43991],[-85.08774,12.44347],[-85.08461,12.44432],[-85.06893,12.47692],[-85.0185,12.5019],[-85.02983,12.52682],[-85.01754,12.54565],[-85.01133,12.56117],[-84.99934,12.57618],[-84.97851,12.60827],[-84.97509,12.61064],[-84.97492,12.61604],[-84.97281,12.6162],[-84.97083,12.61951],[-84.96879,12.61905],[-84.96486,12.62259],[-84.95952,12.62189],[-84.95901,12.62321],[-84.95697,12.62243],[-84.95679,12.624],[-84.9548,12.62337],[-84.95246,12.62512],[-84.94835,12.61925],[-84.94843,12.61745],[-84.94496,12.61899],[-84.94469,12.61608],[-84.93671,12.61649],[-84.93417,12.61452],[-84.93602,12.61229],[-84.93113,12.61082],[-84.93253,12.60443],[-84.92938,12.60144],[-84.93009,12.59853],[-84.9281,12.59598],[-84.92808,12.59271],[-84.92484,12.59123],[-84.92118,12.59135],[-84.9194,12.58935],[-84.91987,12.58699],[-84.91782,12.58633],[-84.91388,12.58077],[-84.90513,12.57785],[-84.90208,12.57561],[-84.90041,12.57161],[-84.89869,12.57054],[-84.89828,12.56695],[-84.8959,12.56561],[-84.89594,12.56349],[-84.89422,12.56352],[-84.89475,12.55597],[-84.89314,12.55473],[-84.89442,12.55123],[-84.89115,12.54981],[-84.89192,12.5467],[-84.88986,12.54677],[-84.88798,12.54294],[-84.89005,12.53638],[-84.88792,12.53505],[-84.89171,12.53151],[-84.89029,12.53029],[-84.89028,12.52751],[-84.88729,12.52732],[-84.88755,12.52321],[-84.88502,12.52242],[-84.88627,12.52099],[-84.88547,12.51773],[-84.88318,12.51627],[-84.88188,12.51824],[-84.87945,12.51835],[-84.87954,12.5148],[-84.87434,12.5102],[-84.87536,12.50602],[-84.87206,12.50171],[-84.87363,12.49931],[-84.87281,12.49726],[-84.86923,12.49345],[-84.86136,12.49174],[-84.85824,12.48879],[-84.85089,12.4882],[-84.84273,12.49157],[-84.84256,12.48686],[-84.8378,12.48234],[-84.83931,12.47771],[-84.84401,12.47545],[-84.84738,12.47555],[-84.85128,12.47214],[-84.84631,12.46173],[-84.85053,12.45903],[-84.85128,12.4571],[-84.85021,12.44861],[-84.85266,12.44558],[-84.85565,12.43616],[-84.86016,12.43054],[-84.8579,12.42909],[-84.8581,12.42696],[-84.86323,12.42181],[-84.8634,12.41862],[-84.86808,12.41713],[-84.87142,12.41221],[-84.8736,12.412],[-84.86364,12.4075],[-84.84733,12.37731],[-84.84585,12.35408],[-84.80112,12.33735],[-84.79554,12.31554],[-84.79558,12.31007],[-84.77564,12.27927],[-84.77564,12.27706],[-84.77757,12.27505],[-84.77956,12.26925],[-84.78196,12.26934],[-84.78585,12.2664],[-84.7875,12.26376],[-84.78711,12.26134],[-84.79097,12.25826],[-84.79089,12.25602],[-84.79457,12.25575],[-84.79523,12.254],[-84.79974,12.25151],[-84.79982,12.24934],[-84.79733,12.24852],[-84.79695,12.24577],[-84.80084,12.24031],[-84.77304,12.19608],[-84.77196,12.19606],[-84.76461,12.17715],[-84.75368,12.17136],[-84.7556,12.17069],[-84.75763,12.16682],[-84.75625,12.16048],[-84.758,12.15717],[-84.7354,12.12737],[-84.72483,12.02337],[-84.72535,12.00298],[-84.67199,11.97237],[-84.64221,11.96013],[-84.6276,11.95677],[-84.59145,11.94102],[-84.57573,11.92242],[-84.54972,11.90577],[-84.52555,11.87246],[-84.53769,11.87213],[-84.56742,11.85389],[-84.57323,11.85528],[-84.57793,11.85864],[-84.58554,11.85911],[-84.58915,11.86251],[-84.58933,11.86654],[-84.59056,11.86562],[-84.59751,11.86693],[-84.60005,11.86465],[-84.60266,11.86595],[-84.60475,11.86527],[-84.60668,11.86696],[-84.60774,11.86577],[-84.60551,11.86455],[-84.60576,11.86218],[-84.60369,11.85985],[-84.60615,11.85423],[-84.60416,11.85325],[-84.60466,11.85154],[-84.60267,11.84821],[-84.61976,11.83515],[-84.64303,11.83839],[-84.64428,11.84045],[-84.64205,11.84513],[-84.64377,11.84817],[-84.64322,11.85001],[-84.64589,11.85007],[-84.64638,11.84876],[-84.64759,11.84954],[-84.65001,11.84741],[-84.65303,11.84678],[-84.65605,11.85021],[-84.6582,11.85009],[-84.66061,11.85329],[-84.66152,11.85708],[-84.65942,11.85759],[-84.66067,11.85827],[-84.66082,11.86073],[-84.65914,11.86148],[-84.6592,11.86593],[-84.65752,11.86778],[-84.65897,11.8686],[-84.6583,11.8707],[-84.66079,11.87121],[-84.6625,11.87014],[-84.66677,11.87528],[-84.67176,11.87295],[-84.6736,11.87434],[-84.67365,11.87645],[-84.67674,11.87611],[-84.67786,11.87714],[-84.68048,11.87729],[-84.68352,11.87545],[-84.6871,11.87748],[-84.69012,11.87558],[-84.69366,11.87705],[-84.69801,11.87515],[-84.70322,11.87875],[-84.70574,11.87839],[-84.70651,11.87989],[-84.7113,11.87823],[-84.71374,11.87936],[-84.71903,11.87742],[-84.72091,11.87909],[-84.7255,11.87916],[-84.72978,11.88151],[-84.73251,11.87946],[-84.73391,11.8804],[-84.73562,11.87806],[-84.73988,11.87704],[-84.73969,11.8762],[-84.74159,11.8766],[-84.7415,11.87533],[-84.74247,11.87789],[-84.74503,11.87824],[-84.74562,11.877],[-84.74757,11.87694],[-84.75007,11.87873],[-84.75107,11.87724],[-84.75272,11.8797],[-84.7568,11.87782],[-84.75782,11.87603],[-84.7629,11.87906],[-84.76725,11.88003],[-84.78779,11.88003],[-84.79643,11.87792],[-84.79952,11.87793],[-84.80098,11.87938],[-84.80849,11.87738],[-84.80963,11.87551],[-84.80865,11.86882],[-84.81028,11.86325],[-84.81284,11.86138],[-84.815,11.86211],[-84.81723,11.86105],[-84.81855,11.86245],[-84.81928,11.86054],[-84.8214,11.85984],[-84.82484,11.86081],[-84.82432,11.85781],[-84.82665,11.85781],[-84.82758,11.8603],[-84.83203,11.85904],[-84.83057,11.85539],[-84.83206,11.8495],[-84.83486,11.84798],[-84.83852,11.84078],[-84.84494,11.83985],[-84.84661,11.83793],[-84.84834,11.83907],[-84.85488,11.83555],[-84.85442,11.83245],[-84.8609,11.82586],[-84.8633,11.82564],[-84.86204,11.82435],[-84.86381,11.82361],[-84.86635,11.82456],[-84.86967,11.81996],[-84.87228,11.82122],[-84.87567,11.81846],[-84.87614,11.81298],[-84.87759,11.81128],[-84.87685,11.80855],[-84.87813,11.80774],[-84.88024,11.81001],[-84.88018,11.80618],[-84.88271,11.80521],[-84.8818,11.79913],[-84.88521,11.79952],[-84.88377,11.80272],[-84.88461,11.80332],[-84.88724,11.8013],[-84.88761,11.79653],[-84.8891,11.79851],[-84.89297,11.79635],[-84.89422,11.79711],[-84.8954,11.79442],[-84.89609,11.79544],[-84.8986,11.79461],[-84.90087,11.79676],[-84.90364,11.79599],[-84.90496,11.79386],[-84.91079,11.79504],[-84.91406,11.79232],[-84.91409,11.79011],[-84.91738,11.78923],[-84.91757,11.78713],[-84.92079,11.78941],[-84.9313,11.784],[-84.93303,11.78593],[-84.937,11.78344],[-84.9461,11.78506],[-84.94939,11.78223],[-84.95126,11.78396],[-84.95114,11.78152],[-84.95322,11.77977],[-84.95232,11.77818],[-84.95625,11.77887],[-84.95783,11.78046],[-84.95763,11.7763],[-84.95528,11.77389],[-84.95882,11.77144],[-84.95808,11.7688],[-84.95918,11.76569],[-84.96318,11.76377],[-84.9642,11.76437],[-84.96323,11.76642],[-84.96702,11.76699],[-84.9693,11.76395],[-84.97009,11.75953],[-84.97201,11.7614],[-84.97322,11.76044],[-84.96858,11.75604],[-84.97231,11.75543],[-84.97253,11.7525],[-84.96591,11.75093],[-84.96991,11.74388],[-84.97297,11.74329],[-84.97482,11.74126],[-84.97354,11.73728],[-84.97606,11.73762],[-84.97685,11.74012],[-84.97834,11.73948],[-84.97868,11.73716],[-84.97694,11.73374],[-84.97888,11.72948],[-84.98279,11.7327],[-84.98606,11.73087],[-84.98805,11.73383],[-84.98728,11.73228],[-84.98848,11.73104],[-84.98834,11.72817],[-84.99305,11.72536],[-84.99795,11.72475],[-84.99948,11.72262],[-84.99905,11.71997],[-85.00191,11.71742],[-84.99874,11.71763],[-84.99978,11.71493],[-84.99811,11.71186],[-85.00032,11.7116],[-85.00038,11.71459],[-85.00539,11.71439],[-85.00586,11.71324],[-85.00305,11.71237],[-85.00515,11.71023],[-85.00417,11.70926],[-85.00777,11.70969],[-85.00888,11.70628],[-85.01175,11.70605],[-85.01067,11.70351],[-85.01314,11.70283],[-85.01308,11.70017],[-85.01654,11.69909],[-85.0202,11.70236],[-85.02007,11.69945],[-85.01817,11.69683],[-85.01885,11.69587],[-85.02006,11.69605],[-85.02087,11.69886],[-85.02201,11.69746],[-85.02438,11.69847],[-85.02565,11.69577],[-85.02689,11.69685],[-85.02566,11.6977],[-85.02626,11.69836],[-85.02781,11.69756],[-85.02729,11.69526],[-85.02928,11.6952],[-85.03221,11.70044],[-85.03551,11.70187],[-85.03642,11.70396],[-85.03533,11.70472],[-85.03707,11.7045],[-85.03734,11.70191],[-85.04274,11.70703],[-85.04275,11.70504],[-85.04453,11.70496],[-85.04419,11.70405],[-85.04613,11.70577],[-85.04664,11.70294],[-85.04528,11.70216],[-85.04779,11.70037],[-85.04728,11.69875],[-85.04906,11.6997],[-85.04816,11.70105],[-85.0505,11.70106],[-85.05211,11.69915],[-85.05048,11.69963],[-85.05077,11.69777],[-85.05547,11.69568],[-85.0549,11.69143],[-85.05626,11.69106],[-85.05856,11.69443],[-85.05963,11.69257],[-85.0574,11.69081],[-85.06084,11.68982],[-85.06185,11.69135],[-85.06446,11.68981],[-85.06771,11.68276],[-85.07306,11.67703],[-85.07306,11.6747],[-85.07599,11.67478],[-85.07857,11.67126],[-85.08036,11.67143],[-85.0823,11.67387],[-85.08256,11.67267],[-85.08574,11.67231],[-85.08642,11.67562],[-85.08853,11.67538],[-85.08795,11.67292],[-85.08924,11.67189],[-85.09248,11.67413],[-85.0938,11.67185],[-85.09102,11.66932],[-85.09467,11.66366],[-85.09746,11.66252],[-85.1029,11.66398],[-85.1073,11.66187],[-85.10779,11.65535],[-85.11165,11.65328],[-85.11719,11.64609],[-85.11177,11.64197]]]}},{"type":"Feature","properties":{"nombre":"Estelí","iso":"NI-ES"},"geometry":{"type":"Polygon","coordinates":[[[-86.71799,13.19153],[-86.69575,13.19738],[-86.67296,13.20052],[-86.65599,13.21271],[-86.63852,13.23286],[-86.62719,13.24282],[-86.62163,13.25642],[-86.62008,13.27035],[-86.61928,13.28492],[-86.62098,13.30344],[-86.60835,13.31126],[-86.60986,13.3266],[-86.60125,13.33688],[-86.58218,13.34646],[-86.57023,13.3729],[-86.56944,13.39458],[-86.55582,13.41406],[-86.56341,13.42126],[-86.55669,13.42952],[-86.54334,13.43378],[-86.53735,13.42976],[-86.53181,13.42986],[-86.53024,13.42835],[-86.52693,13.42864],[-86.52191,13.42685],[-86.51842,13.42793],[-86.5144,13.42487],[-86.5108,13.42573],[-86.50958,13.42735],[-86.50372,13.42633],[-86.49572,13.43029],[-86.49252,13.42714],[-86.48755,13.42705],[-86.48297,13.42401],[-86.48091,13.42431],[-86.47822,13.41932],[-86.47837,13.41725],[-86.47681,13.41691],[-86.47755,13.41431],[-86.47526,13.41483],[-86.47234,13.41158],[-86.46459,13.40738],[-86.45764,13.40634],[-86.45369,13.40387],[-86.45285,13.40197],[-86.44954,13.40322],[-86.44739,13.39885],[-86.44054,13.39703],[-86.43915,13.39514],[-86.43607,13.39649],[-86.43457,13.3957],[-86.43421,13.39337],[-86.43197,13.39269],[-86.42978,13.3954],[-86.42577,13.39691],[-86.42508,13.39913],[-86.42391,13.39728],[-86.42152,13.39811],[-86.421,13.40017],[-86.41975,13.3985],[-86.41954,13.39965],[-86.41738,13.39951],[-86.41506,13.40116],[-86.4122,13.39859],[-86.40988,13.40044],[-86.38769,13.39708],[-86.36877,13.40767],[-86.34681,13.40772],[-86.32761,13.42151],[-86.29567,13.43236],[-86.2702,13.42604],[-86.24835,13.43133],[-86.23469,13.41741],[-86.23112,13.40697],[-86.22566,13.40636],[-86.21896,13.40319],[-86.21913,13.40125],[-86.21409,13.3981],[-86.2134,13.39623],[-86.20997,13.39525],[-86.20821,13.39139],[-86.21226,13.389],[-86.21231,13.38501],[-86.22349,13.37946],[-86.2237,13.37685],[-86.22832,13.3762],[-86.22932,13.37305],[-86.23314,13.37043],[-86.23454,13.36697],[-86.23068,13.36535],[-86.22912,13.36171],[-86.234,13.36195],[-86.23653,13.3596],[-86.23461,13.35795],[-86.23575,13.35552],[-86.23334,13.35211],[-86.23092,13.35116],[-86.2317,13.34589],[-86.2328,13.34423],[-86.23691,13.34412],[-86.2355,13.33972],[-86.23761,13.33909],[-86.23756,13.33713],[-86.23958,13.33584],[-86.24088,13.33167],[-86.24276,13.33006],[-86.2422,13.32675],[-86.24318,13.32508],[-86.25777,13.31633],[-86.25111,13.30025],[-86.24419,13.28939],[-86.23488,13.2531],[-86.2615,13.18647],[-86.21473,13.17215],[-86.20152,13.16246],[-86.19485,13.1439],[-86.16472,13.1091],[-86.16017,13.10706],[-86.1506,13.10898],[-86.11693,13.1038],[-86.10722,13.05301],[-86.09883,13.04323],[-86.10113,13.04135],[-86.10359,13.04314],[-86.10989,13.04351],[-86.11266,13.04172],[-86.11413,13.04272],[-86.11524,13.04157],[-86.11507,13.03719],[-86.11702,13.03645],[-86.12014,13.0367],[-86.12119,13.03876],[-86.12339,13.03955],[-86.12354,13.0371],[-86.12543,13.03612],[-86.12856,13.02876],[-86.13082,13.02706],[-86.13017,13.02442],[-86.1313,13.02043],[-86.13335,13.02076],[-86.13384,13.02259],[-86.13645,13.01971],[-86.13669,13.01402],[-86.13868,13.01407],[-86.14063,13.01675],[-86.14643,13.01531],[-86.14491,13.01329],[-86.14175,13.01208],[-86.13687,13.01225],[-86.13478,13.01106],[-86.1383,13.00621],[-86.13517,12.99946],[-86.17486,12.97913],[-86.20675,12.95639],[-86.20359,12.93625],[-86.21677,12.92534],[-86.23891,12.92355],[-86.24272,12.92419],[-86.25208,12.92118],[-86.25193,12.91703],[-86.25959,12.91257],[-86.26272,12.91407],[-86.2629,12.91527],[-86.26667,12.91321],[-86.27529,12.9148],[-86.27467,12.90972],[-86.28412,12.86997],[-86.3011,12.86146],[-86.31029,12.86774],[-86.34192,12.87392],[-86.35798,12.88088],[-86.35871,12.87863],[-86.36492,12.87224],[-86.38007,12.86821],[-86.38395,12.87135],[-86.38334,12.87361],[-86.38663,12.8782],[-86.38666,12.88302],[-86.39003,12.88341],[-86.3918,12.88686],[-86.39118,12.88942],[-86.40338,12.89232],[-86.42249,12.89307],[-86.4342,12.89852],[-86.43401,12.90145],[-86.43624,12.90392],[-86.43642,12.9084],[-86.4384,12.91261],[-86.43827,12.91547],[-86.4363,12.91718],[-86.43782,12.9219],[-86.42755,12.92677],[-86.43204,12.9467],[-86.42161,12.9572],[-86.42324,12.96014],[-86.42183,12.96358],[-86.42514,12.96812],[-86.42326,12.97301],[-86.41814,12.97332],[-86.41883,12.99188],[-86.45056,13.01814],[-86.45886,13.01412],[-86.47184,13.03941],[-86.46857,13.042],[-86.47268,13.04605],[-86.46861,13.05105],[-86.46829,13.05367],[-86.47232,13.0663],[-86.47157,13.06777],[-86.46909,13.0679],[-86.47862,13.08711],[-86.48852,13.09899],[-86.492,13.11304],[-86.53654,13.12505],[-86.56866,13.12417],[-86.59489,13.11638],[-86.6008,13.11864],[-86.61524,13.12786],[-86.63712,13.12779],[-86.63727,13.10999],[-86.69802,13.11554],[-86.69723,13.11441],[-86.69925,13.11343],[-86.70454,13.11472],[-86.70843,13.11236],[-86.70578,13.10618],[-86.70895,13.10525],[-86.71625,13.09738],[-86.72036,13.09756],[-86.73198,13.10206],[-86.73388,13.10124],[-86.73618,13.09738],[-86.73934,13.12224],[-86.74634,13.13417],[-86.74734,13.14703],[-86.74399,13.15015],[-86.74618,13.15509],[-86.74365,13.15687],[-86.74654,13.16244],[-86.74595,13.16544],[-86.74362,13.16779],[-86.74379,13.1697],[-86.73942,13.17174],[-86.73934,13.17416],[-86.73191,13.18375],[-86.73276,13.18574],[-86.72953,13.18844],[-86.72851,13.19298],[-86.72661,13.19335],[-86.7196,13.19024],[-86.71799,13.19153]]]}},{"type":"Feature","properties":{"nombre":"Granada","iso":"NI-GR"},"geometry":{"type":"Polygon","coordinates":[[[-86.09247,11.79944],[-86.09222,11.80544],[-86.09393,11.81369],[-86.08417,11.82865],[-86.08885,11.83696],[-86.08927,11.85246],[-86.08626,11.85333],[-86.08359,11.85701],[-86.08502,11.85919],[-86.07999,11.86008],[-86.07819,11.86212],[-86.08687,11.8742],[-86.08025,11.87407],[-86.07613,11.87748],[-86.07393,11.87664],[-86.06992,11.87782],[-86.06624,11.8836],[-86.0607,11.8865],[-86.06374,11.89304],[-86.05295,11.89582],[-86.03088,11.92344],[-86.03534,11.95051],[-86.02563,11.96466],[-86.01948,11.97029],[-86.02103,11.97086],[-86.01799,11.97654],[-86.01638,11.9855],[-86.01256,11.9839],[-86.00382,11.98877],[-85.99757,11.98825],[-85.98848,11.99535],[-85.98864,12.0015],[-85.98697,12.00513],[-85.98682,12.00983],[-85.98916,12.01419],[-85.98773,12.01947],[-85.98403,12.07128],[-85.9604,12.09178],[-85.98336,12.12271],[-85.98626,12.12426],[-85.99043,12.13138],[-85.99527,12.13133],[-86.00606,12.13489],[-86.00725,12.14297],[-86.01046,12.14485],[-86.01498,12.15029],[-85.927,12.18793],[-85.91436,12.20054],[-85.91897,12.21071],[-85.89922,12.21458],[-85.8991,12.21361],[-85.89519,12.21354],[-85.89283,12.21164],[-85.88898,12.21452],[-85.88691,12.2133],[-85.88529,12.20986],[-85.88248,12.20952],[-85.88104,12.21071],[-85.88081,12.21327],[-85.87948,12.21356],[-85.87743,12.20898],[-85.87255,12.20672],[-85.86973,12.20761],[-85.86793,12.20673],[-85.86487,12.20467],[-85.86304,12.20106],[-85.85768,12.20341],[-85.85369,12.20127],[-85.8247,12.21075],[-85.82612,12.20766],[-85.825,12.20625],[-85.82633,12.2057],[-85.82561,12.2026],[-85.82372,12.2021],[-85.82307,12.19884],[-85.81975,12.19792],[-85.8203,12.19643],[-85.81765,12.19544],[-85.81676,12.19249],[-85.81502,12.19279],[-85.81254,12.18659],[-85.8143,12.18427],[-85.81406,12.1791],[-85.81289,12.17771],[-85.81457,12.17668],[-85.81507,12.17504],[-85.81383,12.1732],[-85.81527,12.17077],[-85.81349,12.16447],[-85.81581,12.16046],[-85.81421,12.15823],[-85.81524,12.15602],[-85.81443,12.155],[-85.81725,12.14926],[-85.81647,12.1461],[-85.81297,12.14131],[-85.80523,12.14037],[-85.80206,12.14272],[-85.79862,12.14099],[-85.79669,12.14156],[-85.79324,12.13975],[-85.79449,12.13684],[-85.79375,12.13573],[-85.78643,12.13324],[-85.78582,12.13192],[-85.78557,12.12208],[-85.78377,12.11943],[-85.67037,11.7096],[-85.87104,11.70073],[-85.87844,11.70213],[-85.88038,11.7077],[-85.89296,11.69945],[-85.8949,11.69221],[-85.89437,11.68968],[-85.89595,11.68966],[-85.89687,11.69212],[-85.89658,11.69012],[-85.89854,11.68952],[-85.89902,11.69161],[-85.89737,11.69272],[-85.89996,11.69364],[-85.90484,11.69013],[-85.90581,11.68521],[-85.92044,11.67594],[-85.92485,11.67594],[-85.93672,11.67063],[-85.93737,11.6721],[-85.93878,11.67187],[-85.94373,11.67003],[-85.94755,11.66633],[-85.95308,11.66691],[-85.95387,11.66482],[-85.96114,11.66215],[-85.96451,11.65862],[-85.97374,11.65726],[-85.975,11.65481],[-85.97759,11.65604],[-85.98213,11.65104],[-85.99574,11.64726],[-86.00418,11.63976],[-86.00478,11.63795],[-86.0221,11.62853],[-86.02618,11.61976],[-86.03584,11.60917],[-86.0408,11.6074],[-86.04383,11.6077],[-86.04599,11.60949],[-86.05077,11.60796],[-86.05505,11.60895],[-86.05786,11.61156],[-86.06028,11.61046],[-86.06467,11.61226],[-86.06853,11.60905],[-86.06873,11.60752],[-86.07151,11.60714],[-86.07506,11.60431],[-86.07615,11.60523],[-86.0806,11.60256],[-86.08474,11.60218],[-86.08793,11.60543],[-86.0899,11.60498],[-86.09026,11.60658],[-86.09403,11.60616],[-86.09474,11.60937],[-86.09593,11.60877],[-86.09756,11.61089],[-86.09856,11.60993],[-86.10061,11.61038],[-86.101,11.61176],[-86.10875,11.61273],[-86.10736,11.6148],[-86.10871,11.61654],[-86.10703,11.61743],[-86.11053,11.61812],[-86.11051,11.62017],[-86.11155,11.61919],[-86.11262,11.62493],[-86.11485,11.6257],[-86.11438,11.62802],[-86.11692,11.62837],[-86.11871,11.63132],[-86.12276,11.63286],[-86.12211,11.63364],[-86.12384,11.63518],[-86.12409,11.63786],[-86.12725,11.64217],[-86.12596,11.64572],[-86.13246,11.65857],[-86.12131,11.66542],[-86.12761,11.67084],[-86.12873,11.67673],[-86.12738,11.67778],[-86.12734,11.68141],[-86.12621,11.68265],[-86.12723,11.68356],[-86.12747,11.69006],[-86.13057,11.69431],[-86.12907,11.69522],[-86.12953,11.69819],[-86.1275,11.70018],[-86.12801,11.70207],[-86.12667,11.70278],[-86.12752,11.70313],[-86.12576,11.70657],[-86.12673,11.7105],[-86.1251,11.71066],[-86.1213,11.71611],[-86.11909,11.71375],[-86.11436,11.71502],[-86.11342,11.7165],[-86.1125,11.71481],[-86.10833,11.71453],[-86.10708,11.71637],[-86.10531,11.71479],[-86.1021,11.71629],[-86.10151,11.71398],[-86.09755,11.71672],[-86.09629,11.71552],[-86.08968,11.71754],[-86.09031,11.71869],[-86.09123,11.71797],[-86.09209,11.7194],[-86.09125,11.72022],[-86.09276,11.72102],[-86.09145,11.72226],[-86.09338,11.73118],[-86.09278,11.73313],[-86.09546,11.73381],[-86.09642,11.73605],[-86.10174,11.73972],[-86.086,11.75914],[-86.08534,11.762],[-86.08984,11.77298],[-86.08993,11.77686],[-86.09356,11.77939],[-86.09062,11.78443],[-86.09126,11.78629],[-86.09755,11.79338],[-86.09807,11.79565],[-86.10101,11.79762],[-86.09247,11.79944]]]}},{"type":"Feature","properties":{"nombre":"Jinotega","iso":"NI-JI"},"geometry":{"type":"Polygon","coordinates":[[[-85.90024,13.07268],[-85.90582,13.07069],[-85.90766,13.06844],[-85.90736,13.06296],[-85.91093,13.06116],[-85.91116,13.05987],[-85.90901,13.05771],[-85.90853,13.05496],[-85.91225,13.05215],[-85.91425,13.04432],[-85.91818,13.04168],[-85.91997,13.03821],[-85.92049,13.03428],[-85.91942,13.03282],[-85.92335,13.0257],[-85.9596,13.02542],[-85.9752,13.02309],[-85.97741,13.0199],[-85.98204,13.01866],[-85.98153,13.01748],[-85.98579,13.01413],[-85.98517,13.01292],[-85.98672,13.00849],[-85.98221,12.99714],[-85.98394,12.99675],[-85.99275,13.00095],[-85.99365,12.99961],[-86.00156,12.99847],[-86.0055,12.99591],[-86.01687,12.99428],[-86.02073,13.00669],[-86.0318,13.01608],[-86.04084,13.01611],[-86.04616,13.01456],[-86.04881,13.01595],[-86.05163,13.01466],[-86.05422,13.01618],[-86.05543,13.0197],[-86.06024,13.02177],[-86.06164,13.02559],[-86.06392,13.0251],[-86.06821,13.02873],[-86.0685,13.03418],[-86.07278,13.04161],[-86.07634,13.04171],[-86.07745,13.03889],[-86.07948,13.03829],[-86.08345,13.03891],[-86.08578,13.03995],[-86.08645,13.04516],[-86.0886,13.04591],[-86.09011,13.04475],[-86.09077,13.04065],[-86.09289,13.03895],[-86.0953,13.04015],[-86.0969,13.04375],[-86.09883,13.04323],[-86.10722,13.05301],[-86.11693,13.1038],[-86.1506,13.10898],[-86.16017,13.10706],[-86.16472,13.1091],[-86.19485,13.1439],[-86.20152,13.16246],[-86.21473,13.17215],[-86.2615,13.18647],[-86.23488,13.2531],[-86.24419,13.28939],[-86.25111,13.30025],[-86.25777,13.31633],[-86.24318,13.32508],[-86.2422,13.32675],[-86.24276,13.33006],[-86.24088,13.33167],[-86.23958,13.33584],[-86.23756,13.33713],[-86.23761,13.33909],[-86.2355,13.33972],[-86.23691,13.34412],[-86.2328,13.34423],[-86.2317,13.34589],[-86.23092,13.35116],[-86.23334,13.35211],[-86.23575,13.35552],[-86.23461,13.35795],[-86.23653,13.3596],[-86.234,13.36195],[-86.22912,13.36171],[-86.23068,13.36535],[-86.23454,13.36697],[-86.23314,13.37043],[-86.22932,13.37305],[-86.22832,13.3762],[-86.2237,13.37685],[-86.22349,13.37946],[-86.21231,13.38501],[-86.21226,13.389],[-86.20829,13.39103],[-86.20752,13.39414],[-86.20482,13.39529],[-86.20932,13.39966],[-86.20558,13.40018],[-86.20423,13.40274],[-86.19823,13.40559],[-86.1981,13.40843],[-86.19636,13.40832],[-86.19558,13.41087],[-86.19242,13.41276],[-86.19128,13.41788],[-86.18464,13.42047],[-86.18486,13.42158],[-86.1886,13.42239],[-86.18944,13.42625],[-86.18495,13.43386],[-86.18134,13.43398],[-86.17993,13.43878],[-86.17719,13.44153],[-86.17162,13.44495],[-86.1662,13.44605],[-86.16371,13.44397],[-86.15865,13.44273],[-86.15711,13.44039],[-86.15236,13.44218],[-86.15046,13.43885],[-86.14768,13.43784],[-86.14309,13.43868],[-86.14056,13.44135],[-86.13708,13.44251],[-86.1286,13.43909],[-86.12454,13.43888],[-86.11908,13.44057],[-86.11755,13.44455],[-86.11443,13.44705],[-86.10605,13.44769],[-86.1058,13.45052],[-86.10345,13.45359],[-86.0943,13.45438],[-86.09248,13.46069],[-86.08889,13.4646],[-86.08546,13.463],[-86.08235,13.46462],[-86.07972,13.47133],[-86.08501,13.4754],[-86.08185,13.47924],[-86.07963,13.47974],[-86.07748,13.47801],[-86.07615,13.47838],[-86.07651,13.48713],[-86.06991,13.49803],[-86.0672,13.49677],[-86.06259,13.50012],[-86.05549,13.49808],[-86.05045,13.50486],[-86.04815,13.50418],[-86.04694,13.50034],[-86.04302,13.49958],[-86.03929,13.5005],[-86.02945,13.49539],[-86.02477,13.4969],[-86.02413,13.5015],[-86.02207,13.50302],[-86.02414,13.50783],[-86.0226,13.50976],[-86.02258,13.51424],[-86.02036,13.51711],[-86.01443,13.51629],[-86.01036,13.519],[-85.99788,13.51522],[-85.99116,13.51735],[-85.98303,13.5127],[-85.97594,13.51354],[-85.96837,13.50268],[-85.96258,13.50081],[-85.95691,13.49657],[-85.9455,13.49263],[-85.93383,13.47252],[-85.91917,13.47379],[-85.91552,13.46544],[-85.91136,13.46292],[-85.90656,13.46398],[-85.90539,13.46565],[-85.91005,13.47795],[-85.90598,13.49015],[-85.9005,13.49226],[-85.89826,13.49121],[-85.8958,13.49179],[-85.89247,13.4969],[-85.88588,13.49875],[-85.8834,13.50361],[-85.88525,13.50787],[-85.88491,13.51024],[-85.88105,13.51055],[-85.87255,13.50804],[-85.86396,13.50937],[-85.85992,13.50635],[-85.85706,13.50606],[-85.8545,13.5129],[-85.85018,13.51559],[-85.84955,13.52034],[-85.84794,13.52116],[-85.84237,13.5207],[-85.83663,13.52201],[-85.83585,13.51993],[-85.83722,13.51614],[-85.83349,13.51411],[-85.83021,13.51411],[-85.82789,13.51642],[-85.82923,13.51988],[-85.82487,13.52457],[-85.82517,13.52677],[-85.82586,13.52895],[-85.83009,13.53288],[-85.83059,13.53576],[-85.82148,13.54055],[-85.8157,13.54185],[-85.81184,13.54673],[-85.81806,13.55902],[-85.81962,13.55945],[-85.82398,13.55444],[-85.8262,13.55441],[-85.83092,13.56028],[-85.83034,13.56279],[-85.82568,13.56635],[-85.82752,13.57057],[-85.82658,13.57626],[-85.82074,13.57763],[-85.81767,13.58128],[-85.82079,13.5856],[-85.82682,13.58745],[-85.82966,13.59011],[-85.82712,13.59399],[-85.83103,13.60066],[-85.82863,13.60684],[-85.82891,13.61726],[-85.82683,13.62112],[-85.81992,13.62432],[-85.81899,13.62736],[-85.82003,13.6349],[-85.81826,13.63717],[-85.81102,13.64109],[-85.81863,13.64665],[-85.8171,13.64798],[-85.81544,13.65377],[-85.81027,13.65644],[-85.8127,13.66186],[-85.81036,13.66932],[-85.8139,13.67708],[-85.8133,13.68111],[-85.80973,13.68371],[-85.80631,13.68355],[-85.8001,13.68573],[-85.79985,13.68852],[-85.80407,13.69238],[-85.80131,13.69491],[-85.79647,13.6958],[-85.79605,13.69966],[-85.7985,13.70404],[-85.79688,13.70756],[-85.79709,13.71146],[-85.79451,13.71219],[-85.79171,13.71031],[-85.78978,13.71076],[-85.78807,13.71486],[-85.78905,13.72106],[-85.78352,13.72557],[-85.78443,13.72874],[-85.78874,13.72963],[-85.7908,13.73221],[-85.78987,13.73887],[-85.79198,13.74324],[-85.78778,13.74522],[-85.78639,13.75104],[-85.78046,13.75445],[-85.77813,13.76134],[-85.77924,13.76432],[-85.78428,13.7687],[-85.78695,13.774],[-85.79209,13.7772],[-85.79523,13.78662],[-85.79459,13.78752],[-85.78875,13.78587],[-85.78664,13.78663],[-85.78571,13.79061],[-85.78859,13.79574],[-85.7818,13.79658],[-85.77885,13.80307],[-85.77342,13.80452],[-85.77257,13.80863],[-85.76938,13.81262],[-85.76614,13.81408],[-85.76451,13.81235],[-85.76258,13.81244],[-85.75669,13.82866],[-85.75253,13.83054],[-85.75223,13.83334],[-85.74666,13.83966],[-85.74051,13.84148],[-85.7378,13.84384],[-85.73801,13.84677],[-85.74185,13.85115],[-85.74204,13.85304],[-85.73552,13.85784],[-85.73358,13.86156],[-85.7385,13.87094],[-85.74963,13.87669],[-85.75421,13.88242],[-85.7624,13.88268],[-85.76413,13.88477],[-85.76199,13.892],[-85.75668,13.90233],[-85.75771,13.91146],[-85.75433,13.91695],[-85.75511,13.92438],[-85.75208,13.92887],[-85.75343,13.94185],[-85.75733,13.94922],[-85.75651,13.95265],[-85.75218,13.95654],[-85.75486,13.96217],[-85.75337,13.9678],[-85.74675,13.97037],[-85.74058,13.97098],[-85.73688,13.96922],[-85.73294,13.96972],[-85.72412,13.97622],[-85.72342,13.98199],[-85.71518,13.98606],[-85.71001,13.99179],[-85.70677,13.99299],[-85.68791,13.98957],[-85.6862,13.98844],[-85.68264,13.97985],[-85.67764,13.97937],[-85.6717,13.98509],[-85.66866,13.98477],[-85.66736,13.98599],[-85.66684,13.99157],[-85.66802,13.99769],[-85.66382,14.00359],[-85.6649,14.00819],[-85.66398,14.0123],[-85.66227,14.01253],[-85.65933,14.01045],[-85.63783,14.01157],[-85.62462,14.00889],[-85.62272,14.01162],[-85.62491,14.01849],[-85.62378,14.02126],[-85.6154,14.01931],[-85.6121,14.02116],[-85.60953,14.02463],[-85.60345,14.0267],[-85.60131,14.03211],[-85.59762,14.03381],[-85.59072,14.04492],[-85.58531,14.04021],[-85.58115,14.04332],[-85.57688,14.04396],[-85.57698,14.0547],[-85.57845,14.05815],[-85.57748,14.06112],[-85.57328,14.06505],[-85.56673,14.06251],[-85.55875,14.06426],[-85.55517,14.06371],[-85.55562,14.06083],[-85.55926,14.05834],[-85.56104,14.05533],[-85.56216,14.05234],[-85.56107,14.05086],[-85.55139,14.05034],[-85.53596,14.04604],[-85.5278,14.04946],[-85.52433,14.04765],[-85.51939,14.04746],[-85.51742,14.04935],[-85.51694,14.05247],[-85.52118,14.05741],[-85.5206,14.05986],[-85.5166,14.06198],[-85.50936,14.06035],[-85.50669,14.06348],[-85.50633,14.06752],[-85.50866,14.07226],[-85.50888,14.07628],[-85.50766,14.08343],[-85.50485,14.08845],[-85.49959,14.08736],[-85.49771,14.07792],[-85.49366,14.07607],[-85.49067,14.08012],[-85.49084,14.08233],[-85.49333,14.0854],[-85.4925,14.08822],[-85.48884,14.08965],[-85.48329,14.08929],[-85.48144,14.08453],[-85.47746,14.08439],[-85.47657,14.08697],[-85.47788,14.09393],[-85.47457,14.09533],[-85.46888,14.0925],[-85.46589,14.09374],[-85.4622,14.1031],[-85.45666,14.1071],[-85.455,14.11391],[-85.45135,14.11411],[-85.44653,14.10746],[-85.44324,14.10597],[-85.43468,14.10766],[-85.43007,14.10661],[-85.4282,14.10833],[-85.42848,14.11389],[-85.42628,14.11627],[-85.42359,14.11716],[-85.42011,14.11504],[-85.4129,14.1227],[-85.40411,14.12312],[-85.40452,14.1333],[-85.40307,14.13488],[-85.3972,14.13566],[-85.39471,14.13985],[-85.39528,14.14229],[-85.39925,14.14295],[-85.4007,14.14557],[-85.39797,14.16278],[-85.39496,14.16612],[-85.38937,14.16862],[-85.38715,14.1733],[-85.38261,14.17658],[-85.382,14.17862],[-85.37668,14.18112],[-85.37482,14.18355],[-85.37531,14.18728],[-85.37968,14.19163],[-85.38082,14.19563],[-85.38004,14.19681],[-85.37575,14.19665],[-85.37342,14.19793],[-85.37428,14.20459],[-85.37685,14.20879],[-85.37495,14.21584],[-85.37642,14.21706],[-85.38114,14.21723],[-85.38325,14.21919],[-85.38297,14.22167],[-85.3779,14.22502],[-85.36998,14.22472],[-85.36707,14.22189],[-85.36862,14.21374],[-85.36689,14.21174],[-85.36146,14.21287],[-85.35831,14.2169],[-85.35497,14.22687],[-85.35549,14.23144],[-85.35093,14.23321],[-85.34325,14.23123],[-85.34112,14.23299],[-85.34012,14.24036],[-85.34166,14.24718],[-85.33988,14.24885],[-85.33143,14.24795],[-85.32952,14.25059],[-85.3195,14.25473],[-85.30999,14.25601],[-85.30312,14.25472],[-85.30146,14.25218],[-85.29785,14.25021],[-85.29266,14.25041],[-85.28903,14.25169],[-85.28552,14.25998],[-85.28044,14.26105],[-85.2712,14.25906],[-85.2677,14.26192],[-85.26159,14.2585],[-85.24982,14.25733],[-85.24097,14.2527],[-85.22974,14.25317],[-85.2261,14.25201],[-85.21955,14.25496],[-85.209,14.25344],[-85.19947,14.25727],[-85.18833,14.24915],[-85.18449,14.25045],[-85.17754,14.26983],[-85.16903,14.27682],[-85.16611,14.28314],[-85.15889,14.28783],[-85.15306,14.29929],[-85.1534,14.30233],[-85.15519,14.30465],[-85.17153,14.31057],[-85.18039,14.31589],[-85.18092,14.33072],[-85.18204,14.33358],[-85.18539,14.33419],[-85.18953,14.32973],[-85.19232,14.32959],[-85.19532,14.342],[-85.19947,14.34716],[-85.19496,14.35246],[-85.19857,14.35585],[-85.19739,14.36522],[-85.2086,14.37021],[-85.21636,14.36809],[-85.2194,14.36882],[-85.22116,14.37678],[-85.21953,14.37911],[-85.20608,14.38707],[-85.20228,14.39675],[-85.20236,14.40589],[-85.19784,14.40858],[-85.19284,14.40712],[-85.19082,14.41311],[-85.18876,14.41546],[-85.18867,14.42402],[-85.18117,14.42835],[-85.18038,14.43176],[-85.18185,14.43913],[-85.18519,14.44577],[-85.18536,14.45088],[-85.18068,14.45991],[-85.18477,14.46494],[-85.18432,14.46787],[-85.18197,14.47153],[-85.17447,14.47627],[-85.1655,14.47523],[-85.16341,14.48143],[-85.15338,14.48304],[-85.15105,14.48491],[-85.14872,14.49022],[-85.14773,14.50551],[-85.13895,14.51911],[-85.14354,14.5363],[-85.14744,14.5447],[-85.14096,14.55136],[-85.14233,14.56202],[-85.14323,14.56441],[-85.15162,14.56708],[-85.15192,14.57186],[-85.1464,14.57696],[-85.13711,14.57574],[-85.13439,14.57644],[-85.12605,14.5846],[-85.12275,14.58595],[-85.12115,14.58502],[-85.12078,14.57893],[-85.11532,14.57837],[-85.11208,14.57618],[-85.1094,14.57096],[-85.10909,14.56547],[-85.10335,14.55869],[-85.09684,14.55314],[-85.08543,14.55282],[-85.0747,14.55965],[-85.06382,14.56029],[-85.05901,14.56871],[-85.05125,14.57069],[-85.04268,14.57483],[-85.03921,14.58047],[-85.03731,14.58683],[-85.03194,14.5918],[-85.02168,14.60768],[-85.02179,14.61001],[-85.02361,14.60987],[-85.02339,14.61146],[-85.01881,14.61351],[-85.01703,14.60974],[-85.01309,14.60846],[-85.01102,14.6045],[-85.00872,14.60333],[-85.00941,14.59923],[-85.00316,14.59972],[-85.00202,14.5981],[-85.00428,14.59649],[-85.00386,14.59525],[-85.00057,14.59583],[-84.99683,14.59902],[-84.99432,14.59609],[-84.99054,14.59628],[-84.99111,14.59185],[-84.98889,14.58989],[-84.9956,14.57868],[-84.9937,14.57723],[-84.9946,14.57466],[-84.99692,14.57404],[-84.99676,14.56397],[-85.00036,14.56335],[-84.99836,14.55967],[-85.0026,14.55808],[-85.00148,14.55328],[-85.00288,14.54753],[-85.00115,14.54481],[-85.00176,14.54211],[-84.9958,14.53579],[-84.99943,14.53314],[-84.99686,14.53056],[-85.00167,14.53009],[-85.00281,14.52418],[-84.99959,14.51899],[-84.99723,14.51802],[-84.99814,14.51524],[-84.99456,14.51072],[-84.98923,14.50937],[-84.98789,14.50603],[-84.97687,14.50748],[-84.97659,14.50503],[-84.97484,14.50354],[-84.96892,14.5031],[-84.97097,14.50094],[-84.96999,14.49904],[-84.97082,14.49795],[-84.96651,14.49507],[-84.96637,14.49346],[-84.96442,14.49479],[-84.96337,14.49367],[-84.96597,14.49208],[-84.96614,14.49],[-84.96978,14.48963],[-84.96752,14.48714],[-84.96759,14.48271],[-84.97155,14.4776],[-84.97584,14.4787],[-84.97683,14.47643],[-84.97497,14.47512],[-84.97836,14.46796],[-84.98186,14.47001],[-84.98291,14.46943],[-84.98352,14.46396],[-84.98049,14.46227],[-84.9842,14.45938],[-84.98326,14.45668],[-84.98492,14.45417],[-84.98669,14.45529],[-84.98749,14.45448],[-84.98762,14.45257],[-84.98139,14.45048],[-84.98525,14.44735],[-84.98485,14.44596],[-84.98044,14.4433],[-84.98083,14.44039],[-84.98334,14.44123],[-84.98449,14.43879],[-84.98241,14.43634],[-84.98128,14.43171],[-84.98236,14.42951],[-84.97983,14.42838],[-84.98161,14.42357],[-84.97938,14.4189],[-84.98098,14.41641],[-84.9866,14.41594],[-84.98732,14.41464],[-84.98635,14.41219],[-84.98759,14.41109],[-84.9922,14.41358],[-84.99694,14.40697],[-84.99421,14.4032],[-84.99511,14.39976],[-84.98897,14.39854],[-84.98479,14.39092],[-84.97954,14.38882],[-84.98037,14.37531],[-84.97765,14.37103],[-84.97746,14.3682],[-84.9757,14.3661],[-84.97298,14.36743],[-84.97189,14.36527],[-84.97033,14.36975],[-84.96745,14.36947],[-84.96522,14.36204],[-84.96583,14.35889],[-84.96213,14.35843],[-84.96269,14.35635],[-84.96067,14.35641],[-84.95827,14.34946],[-84.95539,14.35005],[-84.95525,14.35235],[-84.95286,14.35124],[-84.95129,14.35221],[-84.94751,14.34471],[-84.94788,14.33866],[-84.94101,14.33428],[-84.82766,14.33503],[-84.87831,14.12347],[-84.88017,14.10628],[-84.88153,14.10521],[-84.88087,14.10419],[-84.87836,14.10536],[-84.87836,14.10317],[-84.87656,14.10185],[-84.88087,14.10083],[-84.88027,14.09849],[-84.88354,14.09752],[-84.87942,14.08383],[-84.88301,14.08083],[-84.88133,14.07898],[-84.87776,14.07872],[-84.87324,14.068],[-84.87229,14.05675],[-84.86862,14.05061],[-84.86435,14.04735],[-84.86385,14.04155],[-84.86049,14.03863],[-84.87331,13.98025],[-84.88831,13.96844],[-84.9007,13.96099],[-85.03559,13.76913],[-85.06769,13.73691],[-85.1649,13.7887],[-85.30014,13.70193],[-85.37515,13.70053],[-85.39303,13.65605],[-85.43433,13.62865],[-85.4337,13.62671],[-85.4304,13.62501],[-85.43053,13.62304],[-85.42835,13.62037],[-85.42427,13.61827],[-85.42314,13.62011],[-85.42242,13.61827],[-85.42027,13.61778],[-85.42042,13.61632],[-85.41742,13.61336],[-85.41823,13.61054],[-85.41588,13.60772],[-85.41499,13.60328],[-85.41165,13.6057],[-85.41047,13.60561],[-85.41156,13.60462],[-85.41055,13.60392],[-85.40628,13.60355],[-85.4025,13.59083],[-85.40757,13.54573],[-85.39424,13.52829],[-85.40552,13.51524],[-85.40513,13.51156],[-85.40824,13.50596],[-85.40701,13.50091],[-85.41382,13.4987],[-85.41516,13.49965],[-85.42401,13.49482],[-85.42442,13.49055],[-85.43577,13.48396],[-85.46991,13.44481],[-85.4874,13.43259],[-85.49913,13.40021],[-85.49914,13.39719],[-85.50102,13.39629],[-85.50084,13.39434],[-85.50455,13.39232],[-85.50348,13.38872],[-85.50535,13.38576],[-85.50466,13.38188],[-85.50573,13.38158],[-85.50288,13.37487],[-85.50443,13.37301],[-85.50101,13.36894],[-85.50725,13.36896],[-85.50723,13.36703],[-85.50966,13.36634],[-85.50808,13.36336],[-85.50981,13.3631],[-85.51019,13.35983],[-85.50725,13.35856],[-85.50893,13.35575],[-85.50635,13.352],[-85.5069,13.34998],[-85.50517,13.34591],[-85.5243,13.33767],[-85.54375,13.32743],[-85.55277,13.31891],[-85.56105,13.31991],[-85.56297,13.32335],[-85.56739,13.32565],[-85.5683,13.32754],[-85.57289,13.32831],[-85.57639,13.33192],[-85.58765,13.33046],[-85.58894,13.33084],[-85.58992,13.334],[-85.60529,13.3247],[-85.62419,13.33961],[-85.6237,13.33583],[-85.62577,13.33285],[-85.63038,13.33226],[-85.63292,13.32546],[-85.63559,13.32462],[-85.64533,13.29914],[-85.65017,13.29814],[-85.65284,13.29089],[-85.65462,13.28982],[-85.65206,13.28083],[-85.64987,13.27757],[-85.64535,13.27314],[-85.6428,13.27358],[-85.64037,13.26927],[-85.65415,13.26029],[-85.67613,13.24893],[-85.68675,13.24643],[-85.69888,13.25632],[-85.70285,13.2533],[-85.7171,13.25512],[-85.73353,13.23865],[-85.74034,13.21793],[-85.73754,13.21072],[-85.83639,13.10056],[-85.85804,13.08259],[-85.86047,13.08216],[-85.86122,13.08367],[-85.86612,13.08551],[-85.8734,13.08299],[-85.88103,13.0732],[-85.88703,13.07476],[-85.88761,13.07296],[-85.8897,13.07304],[-85.88984,13.07211],[-85.89256,13.07481],[-85.89557,13.07206],[-85.90024,13.07268]]]}},{"type":"Feature","properties":{"nombre":"León","iso":"NI-LE"},"geometry":{"type":"Polygon","coordinates":[[[-86.85426,11.89537],[-86.86632,11.91486],[-86.88603,11.95234],[-86.90172,11.97644],[-86.91633,12.00205],[-86.9522,12.08352],[-86.98302,12.09778],[-87.04306,12.13151],[-87.08473,12.15711],[-87.14845,12.2002],[-87.18308,12.22962],[-87.19773,12.23858],[-87.07822,12.40166],[-87.07324,12.40568],[-87.07681,12.40621],[-87.07698,12.40798],[-87.07179,12.40862],[-87.07674,12.41265],[-87.0816,12.41005],[-87.0841,12.41034],[-87.09044,12.42426],[-87.09312,12.42758],[-87.106,12.43406],[-87.11842,12.45235],[-87.11882,12.46149],[-87.11447,12.46409],[-87.1103,12.46474],[-87.10839,12.46339],[-87.1038,12.46653],[-87.10198,12.46555],[-87.09942,12.46713],[-87.09793,12.46495],[-87.09376,12.46496],[-87.0895,12.46654],[-87.08716,12.46596],[-87.0853,12.46812],[-87.07991,12.46544],[-87.077,12.46537],[-87.07749,12.4668],[-87.07552,12.46779],[-87.06733,12.46802],[-87.06655,12.46958],[-87.06597,12.46802],[-87.06451,12.46793],[-87.05535,12.47029],[-87.05518,12.47136],[-87.05276,12.47026],[-87.04896,12.47109],[-87.04568,12.46934],[-87.04267,12.47011],[-87.03804,12.46854],[-87.02506,12.47485],[-87.0033,12.47861],[-86.99731,12.48288],[-86.9937,12.48368],[-86.99127,12.48749],[-86.98097,12.49435],[-86.97358,12.50207],[-86.96964,12.50426],[-86.96495,12.51031],[-86.96323,12.50374],[-86.95864,12.5038],[-86.95544,12.51056],[-86.95274,12.51156],[-86.95638,12.51688],[-86.95307,12.5192],[-86.94628,12.52034],[-86.94424,12.5227],[-86.93882,12.52458],[-86.93405,12.55041],[-86.93189,12.54942],[-86.92425,12.55599],[-86.92412,12.55969],[-86.92191,12.563],[-86.92192,12.57194],[-86.92366,12.57217],[-86.92126,12.57817],[-86.92339,12.57941],[-86.92113,12.58891],[-86.92079,12.61005],[-86.91668,12.61243],[-86.91273,12.61193],[-86.90794,12.61439],[-86.90411,12.62037],[-86.89385,12.62902],[-86.8907,12.6347],[-86.87553,12.6486],[-86.87304,12.65781],[-86.87495,12.66509],[-86.87108,12.67908],[-86.84674,12.68973],[-86.83454,12.70101],[-86.80848,12.7072],[-86.81003,12.71115],[-86.81566,12.71762],[-86.81536,12.72637],[-86.81708,12.73095],[-86.81516,12.73257],[-86.81821,12.73604],[-86.81746,12.73748],[-86.81839,12.73879],[-86.81979,12.73802],[-86.81979,12.73951],[-86.82186,12.74024],[-86.82172,12.74342],[-86.81363,12.742],[-86.80719,12.74419],[-86.80365,12.74712],[-86.79888,12.74769],[-86.79646,12.75073],[-86.79347,12.75132],[-86.78996,12.74654],[-86.78038,12.74596],[-86.75192,12.76069],[-86.73581,12.77515],[-86.71959,12.76165],[-86.66953,12.79402],[-86.66335,12.81357],[-86.66067,12.83121],[-86.67281,12.89311],[-86.67611,12.90184],[-86.68305,12.90998],[-86.6858,12.91696],[-86.68612,12.94881],[-86.67503,12.96245],[-86.67914,12.96365],[-86.68214,12.96676],[-86.6836,12.97117],[-86.68249,12.97459],[-86.6917,12.97682],[-86.69383,12.98353],[-86.69621,12.98681],[-86.70287,12.99229],[-86.70791,12.99859],[-86.71181,13.00074],[-86.71047,13.00496],[-86.71174,13.00637],[-86.70912,13.00815],[-86.70678,13.01261],[-86.71145,13.01632],[-86.71283,13.02206],[-86.71704,13.02639],[-86.73056,13.03195],[-86.73264,13.06412],[-86.73146,13.06738],[-86.73238,13.06949],[-86.73382,13.06879],[-86.73418,13.07125],[-86.73618,13.07121],[-86.737,13.07786],[-86.73908,13.08241],[-86.74148,13.08172],[-86.74322,13.08616],[-86.74667,13.08799],[-86.74587,13.08899],[-86.74328,13.09027],[-86.73866,13.08846],[-86.73618,13.09738],[-86.73258,13.10205],[-86.72036,13.09756],[-86.71625,13.09738],[-86.70895,13.10525],[-86.70578,13.10618],[-86.70843,13.11236],[-86.70454,13.11472],[-86.69925,13.11343],[-86.69723,13.11441],[-86.69802,13.11554],[-86.63727,13.10999],[-86.63712,13.12779],[-86.61524,13.12786],[-86.6008,13.11864],[-86.59489,13.11638],[-86.56866,13.12417],[-86.53654,13.12505],[-86.492,13.11304],[-86.48852,13.09899],[-86.47862,13.08711],[-86.46909,13.0679],[-86.47157,13.06777],[-86.47232,13.0663],[-86.46829,13.05367],[-86.46861,13.05105],[-86.47268,13.04605],[-86.46857,13.042],[-86.47184,13.03941],[-86.45886,13.01412],[-86.45056,13.01814],[-86.41883,12.99188],[-86.41814,12.97332],[-86.42326,12.97301],[-86.42514,12.96812],[-86.42183,12.96358],[-86.42324,12.96014],[-86.42161,12.9572],[-86.43204,12.9467],[-86.42755,12.92677],[-86.43782,12.9219],[-86.4363,12.91718],[-86.43827,12.91547],[-86.4384,12.91261],[-86.43642,12.9084],[-86.43624,12.90392],[-86.43443,12.90283],[-86.4339,12.89809],[-86.42249,12.89307],[-86.40338,12.89232],[-86.39118,12.88942],[-86.3918,12.88686],[-86.39003,12.88341],[-86.38666,12.88302],[-86.38663,12.8782],[-86.38334,12.87361],[-86.38395,12.87135],[-86.38007,12.86821],[-86.36492,12.87224],[-86.35871,12.87863],[-86.35798,12.88088],[-86.34192,12.87392],[-86.31029,12.86774],[-86.3011,12.86146],[-86.28864,12.84804],[-86.28605,12.83318],[-86.28825,12.80205],[-86.28667,12.79338],[-86.28477,12.75809],[-86.28285,12.75407],[-86.27511,12.74993],[-86.27702,12.74364],[-86.27754,12.73581],[-86.27642,12.7334],[-86.27882,12.73241],[-86.28219,12.72765],[-86.28008,12.7265],[-86.27839,12.72168],[-86.28161,12.71811],[-86.2799,12.71426],[-86.2825,12.71018],[-86.28324,12.70483],[-86.2825,12.70227],[-86.27934,12.70005],[-86.27934,12.6981],[-86.28161,12.69666],[-86.28154,12.69535],[-86.27537,12.68944],[-86.27333,12.68555],[-86.27846,12.68263],[-86.27864,12.67711],[-86.28331,12.67486],[-86.28287,12.67247],[-86.28066,12.67177],[-86.28033,12.66875],[-86.28198,12.66502],[-86.28708,12.65927],[-86.28569,12.65044],[-86.28379,12.647],[-86.28421,12.64419],[-86.28218,12.64111],[-86.2842,12.63963],[-86.28703,12.64055],[-86.292,12.63698],[-86.2935,12.63431],[-86.3107,12.63486],[-86.31375,12.63331],[-86.31587,12.63006],[-86.32193,12.63047],[-86.32962,12.62803],[-86.328,12.6169],[-86.33,12.61311],[-86.33297,12.61111],[-86.33985,12.6094],[-86.34878,12.60357],[-86.35324,12.60394],[-86.3548,12.59737],[-86.35444,12.58985],[-86.35534,12.5878],[-86.36018,12.58539],[-86.36007,12.58221],[-86.35775,12.58204],[-86.35786,12.58028],[-86.3596,12.57848],[-86.36492,12.57721],[-86.36476,12.57403],[-86.36189,12.57194],[-86.36159,12.56947],[-86.3657,12.56649],[-86.36737,12.56041],[-86.37199,12.55799],[-86.36978,12.5531],[-86.37017,12.55091],[-86.3676,12.54889],[-86.36944,12.54289],[-86.37258,12.54217],[-86.37629,12.53927],[-86.37535,12.53204],[-86.3728,12.52682],[-86.37903,12.52485],[-86.37649,12.52145],[-86.37655,12.51921],[-86.37444,12.52045],[-86.3748,12.52413],[-86.3728,12.52315],[-86.37426,12.51802],[-86.37771,12.51625],[-86.37411,12.51362],[-86.37126,12.50388],[-86.36441,12.5012],[-86.36306,12.49958],[-86.3576,12.50227],[-86.35347,12.50069],[-86.35058,12.49496],[-86.3507,12.49369],[-86.35321,12.49491],[-86.35386,12.49295],[-86.35734,12.49302],[-86.35588,12.49028],[-86.35288,12.48897],[-86.35286,12.48583],[-86.35468,12.48206],[-86.35411,12.47926],[-86.3571,12.48235],[-86.35962,12.48071],[-86.35982,12.47817],[-86.35739,12.47599],[-86.31771,12.35946],[-86.47593,12.27003],[-86.489,12.25969],[-86.53044,12.19074],[-86.51553,12.18975],[-86.49863,12.18376],[-86.5006,12.17942],[-86.50128,12.17295],[-86.50631,12.16727],[-86.50922,12.16752],[-86.50671,12.15634],[-86.51003,12.15696],[-86.51205,12.1558],[-86.51413,12.15196],[-86.52373,12.14976],[-86.52534,12.14773],[-86.52912,12.14627],[-86.53124,12.14227],[-86.53482,12.14063],[-86.53598,12.13824],[-86.53464,12.13749],[-86.53678,12.13394],[-86.53459,12.13106],[-86.53473,12.12493],[-86.53864,12.12448],[-86.54446,12.1205],[-86.54546,12.11769],[-86.54873,12.1157],[-86.5485,12.11352],[-86.56105,12.10787],[-86.56703,12.10311],[-86.57037,12.09789],[-86.5739,12.09644],[-86.57566,12.09358],[-86.57716,12.09385],[-86.57749,12.09147],[-86.57975,12.09175],[-86.57875,12.08998],[-86.58048,12.08914],[-86.57923,12.08595],[-86.58066,12.08528],[-86.58222,12.07886],[-86.5837,12.07798],[-86.58832,12.07815],[-86.5918,12.07612],[-86.59329,12.07761],[-86.59745,12.07787],[-86.5991,12.08046],[-86.60285,12.07725],[-86.6053,12.08202],[-86.61123,12.08315],[-86.61313,12.08559],[-86.61822,12.08727],[-86.61833,12.08913],[-86.62225,12.0888],[-86.62584,12.09058],[-86.63095,12.08431],[-86.63755,12.08167],[-86.64154,12.07688],[-86.64614,12.07566],[-86.64756,12.07611],[-86.64792,12.07793],[-86.65091,12.0787],[-86.65475,12.07515],[-86.6598,12.07532],[-86.66342,12.0735],[-86.66192,12.06937],[-86.65888,12.06725],[-86.65503,12.05349],[-86.6488,12.04792],[-86.64837,12.04544],[-86.64967,12.04408],[-86.64653,12.04103],[-86.64207,12.04044],[-86.64099,12.03793],[-86.64222,12.03298],[-86.64172,12.02719],[-86.64554,12.01979],[-86.65254,12.01968],[-86.65401,12.01823],[-86.6527,12.01589],[-86.65343,12.01498],[-86.67223,12.00955],[-86.67493,12.00598],[-86.67451,11.99871],[-86.66716,11.99517],[-86.66489,11.99253],[-86.85426,11.89537]]]}},{"type":"Feature","properties":{"nombre":"Madriz","iso":"NI-MD"},"geometry":{"type":"Polygon","coordinates":[[[-86.06785,13.49848],[-86.07011,13.49777],[-86.07646,13.48728],[-86.07615,13.47838],[-86.07748,13.47801],[-86.07963,13.47974],[-86.08185,13.47924],[-86.08501,13.4754],[-86.07972,13.47133],[-86.08235,13.46462],[-86.08546,13.463],[-86.08889,13.4646],[-86.09248,13.46069],[-86.0943,13.45438],[-86.10345,13.45359],[-86.1058,13.45052],[-86.10605,13.44769],[-86.11443,13.44705],[-86.11755,13.44455],[-86.11908,13.44057],[-86.12454,13.43888],[-86.1286,13.43909],[-86.13708,13.44251],[-86.14056,13.44135],[-86.14309,13.43868],[-86.14768,13.43784],[-86.15046,13.43885],[-86.15236,13.44218],[-86.15711,13.44039],[-86.15865,13.44273],[-86.16371,13.44397],[-86.1662,13.44605],[-86.17162,13.44495],[-86.17719,13.44153],[-86.17993,13.43878],[-86.18134,13.43398],[-86.18495,13.43386],[-86.18944,13.42625],[-86.1886,13.42239],[-86.18443,13.42078],[-86.19128,13.41788],[-86.19242,13.41276],[-86.19558,13.41087],[-86.19636,13.40832],[-86.1981,13.40843],[-86.19823,13.40559],[-86.20423,13.40274],[-86.20558,13.40018],[-86.20932,13.39966],[-86.20484,13.39559],[-86.20815,13.39307],[-86.21824,13.40042],[-86.21896,13.40319],[-86.22566,13.40636],[-86.23112,13.40697],[-86.23469,13.41741],[-86.24835,13.43133],[-86.2702,13.42604],[-86.29567,13.43236],[-86.32761,13.42151],[-86.34681,13.40772],[-86.36877,13.40767],[-86.38769,13.39708],[-86.40988,13.40044],[-86.4122,13.39859],[-86.41506,13.40116],[-86.41738,13.39951],[-86.41954,13.39965],[-86.41975,13.3985],[-86.421,13.40017],[-86.42152,13.39811],[-86.42391,13.39728],[-86.42508,13.39913],[-86.42577,13.39691],[-86.42978,13.3954],[-86.43197,13.39269],[-86.43421,13.39337],[-86.43457,13.3957],[-86.43607,13.39649],[-86.43915,13.39514],[-86.44054,13.39703],[-86.44739,13.39885],[-86.44954,13.40322],[-86.45285,13.40197],[-86.45369,13.40387],[-86.45764,13.40634],[-86.46459,13.40738],[-86.47234,13.41158],[-86.47526,13.41483],[-86.47755,13.41431],[-86.47681,13.41691],[-86.47837,13.41725],[-86.47822,13.41932],[-86.48091,13.42431],[-86.48297,13.42401],[-86.48755,13.42705],[-86.49252,13.42714],[-86.49572,13.43029],[-86.50372,13.42633],[-86.50958,13.42735],[-86.5108,13.42573],[-86.5144,13.42487],[-86.51842,13.42793],[-86.52191,13.42685],[-86.52693,13.42864],[-86.53024,13.42835],[-86.53181,13.42986],[-86.53735,13.42976],[-86.54334,13.43378],[-86.55669,13.42952],[-86.56341,13.42126],[-86.55582,13.41406],[-86.56944,13.39458],[-86.57023,13.3729],[-86.58218,13.34646],[-86.60125,13.33688],[-86.60986,13.3266],[-86.60835,13.31126],[-86.62098,13.30344],[-86.61928,13.28492],[-86.62008,13.27035],[-86.62163,13.25642],[-86.62719,13.24282],[-86.63852,13.23286],[-86.65599,13.21271],[-86.67296,13.20052],[-86.69575,13.19738],[-86.71799,13.19153],[-86.72086,13.19522],[-86.72087,13.19709],[-86.71303,13.20371],[-86.71555,13.20622],[-86.7156,13.20986],[-86.71245,13.21367],[-86.71192,13.21547],[-86.71346,13.21722],[-86.70968,13.22123],[-86.7083,13.22659],[-86.71277,13.23213],[-86.72328,13.2321],[-86.72613,13.23428],[-86.72693,13.23692],[-86.7312,13.23764],[-86.73303,13.24062],[-86.73831,13.24284],[-86.74027,13.24488],[-86.73998,13.24913],[-86.7542,13.26763],[-86.72458,13.29032],[-86.7158,13.29602],[-86.71168,13.2957],[-86.71048,13.29983],[-86.70577,13.30331],[-86.70413,13.31388],[-86.70781,13.32312],[-86.71054,13.35916],[-86.70658,13.36508],[-86.71349,13.37635],[-86.71937,13.38066],[-86.72391,13.38122],[-86.72743,13.37904],[-86.73677,13.38142],[-86.74438,13.40195],[-86.74401,13.40641],[-86.7359,13.41731],[-86.73004,13.42176],[-86.7209,13.43452],[-86.72436,13.43976],[-86.72545,13.44518],[-86.72323,13.45014],[-86.72343,13.45684],[-86.74115,13.48653],[-86.74224,13.52775],[-86.74944,13.56528],[-86.75716,13.571],[-86.7649,13.57116],[-86.7699,13.5769],[-86.76971,13.58193],[-86.74898,13.63927],[-86.75505,13.65144],[-86.74657,13.66252],[-86.7314,13.66278],[-86.7266,13.65952],[-86.72515,13.65982],[-86.72338,13.6576],[-86.71956,13.65908],[-86.71443,13.65859],[-86.71139,13.65964],[-86.7121,13.66209],[-86.7101,13.66092],[-86.70928,13.66285],[-86.70801,13.66025],[-86.70618,13.66198],[-86.70529,13.65934],[-86.70324,13.65905],[-86.70213,13.66047],[-86.69732,13.65724],[-86.69734,13.65482],[-86.69303,13.65124],[-86.68952,13.65181],[-86.68895,13.6501],[-86.68534,13.65024],[-86.68363,13.64799],[-86.68,13.64693],[-86.67924,13.64381],[-86.67705,13.64491],[-86.67438,13.64419],[-86.67363,13.64572],[-86.67192,13.64434],[-86.63884,13.63957],[-86.63472,13.61144],[-86.60778,13.59111],[-86.60934,13.58684],[-86.58839,13.59342],[-86.56469,13.57363],[-86.56383,13.57532],[-86.55999,13.57569],[-86.55801,13.57195],[-86.55556,13.57282],[-86.55351,13.57545],[-86.55393,13.57912],[-86.55072,13.57876],[-86.54791,13.58052],[-86.53543,13.58928],[-86.53183,13.59362],[-86.51018,13.5965],[-86.47811,13.58366],[-86.45213,13.58621],[-86.44222,13.57729],[-86.43103,13.57725],[-86.43016,13.57875],[-86.42343,13.58121],[-86.41836,13.58055],[-86.41603,13.58336],[-86.41108,13.58229],[-86.4117,13.58166],[-86.3976,13.56994],[-86.39689,13.57096],[-86.39424,13.57068],[-86.39317,13.57275],[-86.39002,13.57325],[-86.3873,13.57226],[-86.38736,13.57052],[-86.38526,13.56868],[-86.38349,13.57165],[-86.37858,13.57182],[-86.37602,13.56706],[-86.37407,13.56648],[-86.37351,13.56325],[-86.36901,13.56579],[-86.35917,13.57741],[-86.34919,13.57805],[-86.35324,13.59768],[-86.34763,13.59569],[-86.33996,13.59729],[-86.33897,13.5927],[-86.33589,13.59483],[-86.3327,13.5913],[-86.32829,13.59511],[-86.32267,13.59496],[-86.31808,13.59657],[-86.31789,13.59209],[-86.31488,13.5897],[-86.31431,13.58706],[-86.286,13.60872],[-86.27104,13.61712],[-86.24258,13.62237],[-86.2085,13.61859],[-86.19832,13.60571],[-86.18986,13.59949],[-86.18999,13.59255],[-86.18801,13.58803],[-86.18626,13.58693],[-86.18121,13.59002],[-86.17589,13.59109],[-86.17284,13.59528],[-86.17175,13.59503],[-86.17267,13.59824],[-86.16872,13.60252],[-86.16898,13.60456],[-86.16511,13.60679],[-86.16,13.60648],[-86.15427,13.61263],[-86.15349,13.61587],[-86.14934,13.61778],[-86.13631,13.59854],[-86.09564,13.56783],[-86.09554,13.53473],[-86.08426,13.53395],[-86.08343,13.53134],[-86.08518,13.52678],[-86.07841,13.52374],[-86.07954,13.51991],[-86.07856,13.51352],[-86.07026,13.50526],[-86.07043,13.50218],[-86.06785,13.49848]]]}},{"type":"Feature","properties":{"nombre":"Managua","iso":"NI-MN"},"geometry":{"type":"Polygon","coordinates":[[[-86.58358,11.57453],[-86.64432,11.61847],[-86.65853,11.63068],[-86.67374,11.64667],[-86.68818,11.6656],[-86.69921,11.68387],[-86.70628,11.69853],[-86.71582,11.72429],[-86.74989,11.75326],[-86.77506,11.77929],[-86.78727,11.79513],[-86.79903,11.81373],[-86.80867,11.83349],[-86.81554,11.85244],[-86.8384,11.87522],[-86.85426,11.89537],[-86.66489,11.99253],[-86.66716,11.99517],[-86.67451,11.99871],[-86.67493,12.00598],[-86.67223,12.00955],[-86.65343,12.01498],[-86.6527,12.01589],[-86.65401,12.01823],[-86.65254,12.01968],[-86.64554,12.01979],[-86.64172,12.02719],[-86.64222,12.03298],[-86.64099,12.03793],[-86.64207,12.04044],[-86.64653,12.04103],[-86.64967,12.04408],[-86.64837,12.04544],[-86.6488,12.04792],[-86.65503,12.05349],[-86.65888,12.06725],[-86.66192,12.06937],[-86.66342,12.0735],[-86.6598,12.07532],[-86.65475,12.07515],[-86.65091,12.0787],[-86.64792,12.07793],[-86.64756,12.07611],[-86.64614,12.07566],[-86.64154,12.07688],[-86.63755,12.08167],[-86.63095,12.08431],[-86.62584,12.09058],[-86.62225,12.0888],[-86.61833,12.08913],[-86.61822,12.08727],[-86.61313,12.08559],[-86.61123,12.08315],[-86.6053,12.08202],[-86.60285,12.07725],[-86.5991,12.08046],[-86.59745,12.07787],[-86.59329,12.07761],[-86.5918,12.07612],[-86.58832,12.07815],[-86.5837,12.07798],[-86.58222,12.07886],[-86.58066,12.08528],[-86.57923,12.08595],[-86.58048,12.08914],[-86.57875,12.08998],[-86.57975,12.09175],[-86.57749,12.09147],[-86.57716,12.09385],[-86.57566,12.09358],[-86.5739,12.09644],[-86.57037,12.09789],[-86.56703,12.10311],[-86.56105,12.10787],[-86.5485,12.11352],[-86.54873,12.1157],[-86.54546,12.11769],[-86.54446,12.1205],[-86.53864,12.12448],[-86.53473,12.12493],[-86.53459,12.13106],[-86.53678,12.13394],[-86.53464,12.13749],[-86.53598,12.13824],[-86.53482,12.14063],[-86.53124,12.14227],[-86.52912,12.14627],[-86.52534,12.14773],[-86.52373,12.14976],[-86.51413,12.15196],[-86.51205,12.1558],[-86.51003,12.15696],[-86.50671,12.15634],[-86.50922,12.16752],[-86.50631,12.16727],[-86.50128,12.17295],[-86.5006,12.17942],[-86.49863,12.18376],[-86.51553,12.18975],[-86.53044,12.19074],[-86.489,12.25969],[-86.47593,12.27003],[-86.31771,12.35946],[-86.35739,12.47599],[-86.35982,12.47817],[-86.35962,12.48071],[-86.3571,12.48235],[-86.35411,12.47926],[-86.35468,12.48206],[-86.35286,12.48583],[-86.35288,12.48897],[-86.35588,12.49028],[-86.35734,12.49302],[-86.35386,12.49295],[-86.35321,12.49491],[-86.3507,12.49369],[-86.35058,12.49496],[-86.35347,12.50069],[-86.3576,12.50227],[-86.36306,12.49958],[-86.36441,12.5012],[-86.37126,12.50388],[-86.37411,12.51362],[-86.37771,12.51625],[-86.37426,12.51802],[-86.3728,12.52315],[-86.3748,12.52413],[-86.37444,12.52045],[-86.37655,12.51921],[-86.37649,12.52145],[-86.37903,12.52485],[-86.3728,12.52682],[-86.37535,12.53204],[-86.37629,12.53927],[-86.37258,12.54217],[-86.36944,12.54289],[-86.3676,12.54889],[-86.37017,12.55091],[-86.36978,12.5531],[-86.37199,12.55799],[-86.36737,12.56041],[-86.3657,12.56649],[-86.36159,12.56947],[-86.36189,12.57194],[-86.36476,12.57403],[-86.36492,12.57721],[-86.3596,12.57848],[-86.35786,12.58028],[-86.35775,12.58204],[-86.36007,12.58221],[-86.36018,12.58539],[-86.35534,12.5878],[-86.35444,12.58985],[-86.3548,12.59737],[-86.35331,12.60384],[-86.34878,12.60357],[-86.33985,12.6094],[-86.33297,12.61111],[-86.33,12.61311],[-86.328,12.6169],[-86.32962,12.62803],[-86.32193,12.63047],[-86.31587,12.63006],[-86.31375,12.63331],[-86.3107,12.63486],[-86.2935,12.63431],[-86.292,12.63698],[-86.28677,12.6407],[-86.2842,12.63963],[-86.28039,12.64153],[-86.27898,12.6374],[-86.27667,12.63671],[-86.2742,12.63784],[-86.27012,12.63684],[-86.26693,12.63828],[-86.26041,12.63752],[-86.25838,12.6391],[-86.256,12.63873],[-86.25378,12.63616],[-86.25067,12.63688],[-86.24806,12.63476],[-86.24665,12.63514],[-86.24249,12.62834],[-86.23494,12.62507],[-86.2216,12.63138],[-86.19677,12.62761],[-86.16765,12.60418],[-86.16314,12.60358],[-86.16057,12.59975],[-86.15824,12.5995],[-86.1565,12.59631],[-86.15893,12.5896],[-86.15673,12.58937],[-86.15341,12.59182],[-86.14836,12.59185],[-86.14563,12.59328],[-86.14237,12.59007],[-86.1408,12.5905],[-86.13787,12.58878],[-86.13344,12.58947],[-86.13125,12.58832],[-86.12654,12.58913],[-86.1236,12.58812],[-86.11761,12.58956],[-86.10868,12.58824],[-86.0496,12.56746],[-86.05185,12.55672],[-86.04967,12.54791],[-85.99838,12.54204],[-85.99681,12.54706],[-85.99481,12.54762],[-85.98898,12.54173],[-85.98264,12.54189],[-85.98209,12.53839],[-85.97886,12.53585],[-85.97821,12.53232],[-85.98075,12.53004],[-85.98127,12.52757],[-85.97985,12.52693],[-85.98291,12.52274],[-85.98283,12.52109],[-85.9871,12.5174],[-85.98667,12.51543],[-85.9844,12.51399],[-85.98333,12.50834],[-85.98381,12.50649],[-85.98684,12.50602],[-85.98191,12.50404],[-85.98379,12.49866],[-85.98204,12.49903],[-85.9781,12.49546],[-85.97965,12.49086],[-85.97727,12.48818],[-85.97729,12.48613],[-85.97464,12.48409],[-85.97792,12.4834],[-85.97809,12.47643],[-85.97433,12.47031],[-85.97671,12.46675],[-85.97294,12.46544],[-85.97048,12.46233],[-85.96784,12.46182],[-85.96682,12.45707],[-85.96362,12.45123],[-85.96777,12.45031],[-85.96569,12.44852],[-85.96535,12.44635],[-85.96153,12.4438],[-85.96288,12.44045],[-85.96068,12.43867],[-85.95567,12.43939],[-85.957,12.43706],[-85.95643,12.43572],[-85.95126,12.43368],[-85.95408,12.43144],[-85.95356,12.43009],[-85.94541,12.42583],[-85.94445,12.42218],[-85.93738,12.42074],[-85.9346,12.41863],[-85.93948,12.41879],[-85.93915,12.41758],[-85.93206,12.41539],[-85.92785,12.41546],[-85.92612,12.40278],[-85.92488,12.40311],[-85.92397,12.40091],[-85.91499,12.39719],[-85.91285,12.395],[-85.91566,12.38862],[-85.92342,12.35752],[-85.92958,12.3571],[-85.93335,12.35082],[-85.92854,12.3439],[-85.9039,12.32515],[-85.88874,12.32506],[-85.83202,12.27616],[-85.79434,12.27913],[-85.79854,12.27769],[-85.79991,12.27478],[-85.80164,12.27469],[-85.80504,12.2708],[-85.80736,12.27002],[-85.81058,12.26574],[-85.80981,12.25594],[-85.81139,12.25274],[-85.81409,12.25202],[-85.81735,12.24777],[-85.81643,12.24358],[-85.81851,12.24283],[-85.81867,12.23949],[-85.82115,12.23759],[-85.81999,12.23595],[-85.82143,12.23506],[-85.82108,12.23285],[-85.823,12.23075],[-85.82278,12.22889],[-85.82434,12.22804],[-85.82455,12.2255],[-85.82169,12.22281],[-85.82246,12.22097],[-85.82136,12.21958],[-85.82302,12.21523],[-85.82415,12.21531],[-85.8246,12.21283],[-85.82363,12.21182],[-85.85369,12.20127],[-85.85768,12.20341],[-85.86304,12.20106],[-85.86487,12.20467],[-85.86793,12.20673],[-85.86973,12.20761],[-85.87255,12.20672],[-85.87743,12.20898],[-85.87948,12.21356],[-85.88081,12.21327],[-85.88104,12.21071],[-85.88248,12.20952],[-85.88529,12.20986],[-85.88691,12.2133],[-85.88898,12.21452],[-85.89283,12.21164],[-85.89519,12.21354],[-85.8991,12.21361],[-85.89922,12.21458],[-85.91897,12.21071],[-85.91436,12.20054],[-85.927,12.18793],[-86.01666,12.14998],[-86.02093,12.14682],[-86.02575,12.14742],[-86.03265,12.15295],[-86.03949,12.15213],[-86.04848,12.15444],[-86.0552,12.15317],[-86.06107,12.14923],[-86.0661,12.14442],[-86.06952,12.13679],[-86.09702,12.14243],[-86.12571,12.14117],[-86.14506,12.09873],[-86.17072,12.09166],[-86.2108,12.06433],[-86.17702,12.02707],[-86.17431,12.02556],[-86.1905,11.98097],[-86.24074,11.97271],[-86.2637,11.99216],[-86.30849,11.93449],[-86.3174,11.93011],[-86.32108,11.92635],[-86.32317,11.92592],[-86.32578,11.92133],[-86.32805,11.9212],[-86.32883,11.91961],[-86.32593,11.91288],[-86.34358,11.89691],[-86.34483,11.87326],[-86.34805,11.87173],[-86.34971,11.86613],[-86.35356,11.86208],[-86.35089,11.8575],[-86.35626,11.85371],[-86.36189,11.84514],[-86.36417,11.84354],[-86.36512,11.83996],[-86.36854,11.83546],[-86.36991,11.82803],[-86.37269,11.82808],[-86.37635,11.82332],[-86.37507,11.82235],[-86.37533,11.81947],[-86.37811,11.81869],[-86.37953,11.81077],[-86.38339,11.8072],[-86.3873,11.80664],[-86.38761,11.80327],[-86.39061,11.80141],[-86.39045,11.79952],[-86.39219,11.79829],[-86.38968,11.79654],[-86.39173,11.79331],[-86.39501,11.79232],[-86.39606,11.79003],[-86.40108,11.78698],[-86.40387,11.78823],[-86.40637,11.78729],[-86.40784,11.78883],[-86.40914,11.78524],[-86.41124,11.7862],[-86.41555,11.78494],[-86.41831,11.78039],[-86.42202,11.78077],[-86.42461,11.77362],[-86.43465,11.77054],[-86.4389,11.76672],[-86.4409,11.76143],[-86.43802,11.75866],[-86.4397,11.75591],[-86.44219,11.75588],[-86.44555,11.7538],[-86.44167,11.75088],[-86.44613,11.7511],[-86.44952,11.74838],[-86.44602,11.74452],[-86.44423,11.7443],[-86.44203,11.73949],[-86.4428,11.73671],[-86.43973,11.73443],[-86.4406,11.7324],[-86.43844,11.72968],[-86.4391,11.72476],[-86.44187,11.7198],[-86.58358,11.57453]]]}},{"type":"Feature","properties":{"nombre":"Masaya","iso":"NI-MS"},"geometry":{"type":"Polygon","coordinates":[[[-86.07613,11.87748],[-86.08025,11.87407],[-86.08687,11.8742],[-86.07819,11.86212],[-86.07999,11.86008],[-86.08502,11.85919],[-86.08359,11.85701],[-86.08626,11.85333],[-86.08927,11.85246],[-86.08855,11.83995],[-86.09811,11.83876],[-86.09867,11.83404],[-86.10042,11.83481],[-86.10257,11.83307],[-86.10799,11.83458],[-86.11564,11.83807],[-86.12847,11.84088],[-86.1313,11.84385],[-86.13389,11.84418],[-86.138,11.84185],[-86.13929,11.84284],[-86.14406,11.84135],[-86.15869,11.84421],[-86.15923,11.84642],[-86.15663,11.84895],[-86.15422,11.856],[-86.16421,11.85645],[-86.16273,11.88016],[-86.15389,11.88883],[-86.1577,11.89184],[-86.17069,11.89552],[-86.17463,11.9053],[-86.1728,11.90898],[-86.17653,11.91108],[-86.17819,11.91407],[-86.17378,11.92474],[-86.17565,11.92568],[-86.17765,11.92499],[-86.1779,11.92595],[-86.17959,11.92515],[-86.1791,11.92368],[-86.1831,11.92475],[-86.18579,11.92283],[-86.18664,11.92367],[-86.18742,11.92268],[-86.19266,11.92257],[-86.19531,11.92436],[-86.19674,11.92261],[-86.19961,11.92473],[-86.20283,11.92375],[-86.20486,11.92516],[-86.20701,11.92465],[-86.20814,11.92285],[-86.22145,11.92886],[-86.2223,11.93106],[-86.22585,11.93027],[-86.22677,11.93119],[-86.22824,11.92997],[-86.23007,11.93109],[-86.23352,11.93015],[-86.23374,11.9314],[-86.23667,11.93209],[-86.24583,11.93177],[-86.24688,11.93362],[-86.24868,11.93256],[-86.24913,11.93394],[-86.25479,11.93521],[-86.25447,11.93606],[-86.25689,11.93725],[-86.25885,11.93674],[-86.26098,11.93997],[-86.26253,11.93933],[-86.26306,11.94077],[-86.26881,11.94316],[-86.27327,11.94367],[-86.2773,11.94737],[-86.279,11.94705],[-86.28532,11.94996],[-86.28744,11.95211],[-86.29131,11.95219],[-86.29311,11.95443],[-86.2637,11.99216],[-86.24074,11.97271],[-86.1905,11.98097],[-86.17431,12.02556],[-86.17702,12.02707],[-86.2108,12.06433],[-86.17072,12.09166],[-86.14506,12.09873],[-86.12571,12.14117],[-86.09702,12.14243],[-86.06952,12.13679],[-86.0661,12.14442],[-86.0542,12.15352],[-86.04848,12.15444],[-86.03949,12.15213],[-86.03265,12.15295],[-86.02575,12.14742],[-86.02288,12.14658],[-86.01498,12.15029],[-86.01046,12.14485],[-86.00725,12.14297],[-86.00606,12.13489],[-85.99527,12.13133],[-85.99043,12.13138],[-85.98626,12.12426],[-85.98336,12.12271],[-85.9604,12.09178],[-85.98403,12.07128],[-85.98773,12.01947],[-85.98916,12.01419],[-85.98682,12.00983],[-85.98697,12.00513],[-85.98864,12.0015],[-85.98848,11.99535],[-85.99757,11.98825],[-86.00382,11.98877],[-86.01256,11.9839],[-86.01638,11.9855],[-86.01799,11.97654],[-86.02103,11.97086],[-86.01948,11.97029],[-86.02563,11.96466],[-86.03534,11.95051],[-86.03088,11.92344],[-86.05295,11.89582],[-86.06374,11.89304],[-86.0607,11.8865],[-86.06624,11.8836],[-86.06992,11.87782],[-86.07393,11.87664],[-86.07613,11.87748]]]}},{"type":"Feature","properties":{"nombre":"Matagalpa","iso":"NI-MT"},"geometry":{"type":"Polygon","coordinates":[[[-85.90024,13.07268],[-85.89557,13.07206],[-85.89256,13.07481],[-85.88984,13.07211],[-85.8897,13.07304],[-85.88761,13.07296],[-85.88703,13.07476],[-85.88103,13.0732],[-85.8734,13.08299],[-85.86612,13.08551],[-85.86122,13.08367],[-85.86047,13.08216],[-85.85804,13.08259],[-85.83639,13.10056],[-85.73754,13.21072],[-85.74034,13.21793],[-85.73353,13.23865],[-85.7171,13.25512],[-85.70285,13.2533],[-85.69888,13.25632],[-85.68675,13.24643],[-85.67613,13.24893],[-85.65415,13.26029],[-85.64037,13.26927],[-85.6428,13.27358],[-85.64535,13.27314],[-85.64987,13.27757],[-85.65206,13.28083],[-85.65462,13.28982],[-85.65284,13.29089],[-85.65017,13.29814],[-85.64533,13.29914],[-85.63559,13.32462],[-85.63292,13.32546],[-85.63038,13.33226],[-85.62577,13.33285],[-85.6237,13.33583],[-85.62419,13.33961],[-85.60529,13.3247],[-85.58992,13.334],[-85.58894,13.33084],[-85.58765,13.33046],[-85.57639,13.33192],[-85.57289,13.32831],[-85.5683,13.32754],[-85.56739,13.32565],[-85.56297,13.32335],[-85.56105,13.31991],[-85.55277,13.31891],[-85.54375,13.32743],[-85.5243,13.33767],[-85.50412,13.34588],[-85.4999,13.34262],[-85.50144,13.34099],[-85.50068,13.33949],[-85.49907,13.34039],[-85.49745,13.33945],[-85.49465,13.33076],[-85.48359,13.32732],[-85.48369,13.32521],[-85.48228,13.32448],[-85.4816,13.32179],[-85.47723,13.31737],[-85.47759,13.31295],[-85.47534,13.31355],[-85.47594,13.3096],[-85.47419,13.30953],[-85.47206,13.30531],[-85.46476,13.29799],[-85.4634,13.29788],[-85.46311,13.29583],[-85.46012,13.29257],[-85.45113,13.28858],[-85.45006,13.28565],[-85.44805,13.2847],[-85.44641,13.27992],[-85.44254,13.27511],[-85.4419,13.2723],[-85.43989,13.27092],[-85.43795,13.26532],[-85.43817,13.26004],[-85.43537,13.25817],[-85.43231,13.26035],[-85.42787,13.25852],[-85.41797,13.25121],[-85.41362,13.25189],[-85.41152,13.24702],[-85.4073,13.2463],[-85.40317,13.23507],[-85.39892,13.23266],[-85.40081,13.23168],[-85.39974,13.22879],[-85.39615,13.22693],[-85.39603,13.22358],[-85.39244,13.22342],[-85.39192,13.22091],[-85.38617,13.21674],[-85.37812,13.20407],[-85.37315,13.20205],[-85.36809,13.19786],[-85.36511,13.20038],[-85.35594,13.2033],[-85.34986,13.20238],[-85.34462,13.20869],[-85.34283,13.20878],[-85.34049,13.20682],[-85.33399,13.20659],[-85.3301,13.19503],[-85.31982,13.19284],[-85.31782,13.18942],[-85.31771,13.18517],[-85.31033,13.18308],[-85.31178,13.17534],[-85.30487,13.17414],[-85.30389,13.17731],[-85.30171,13.17745],[-85.29801,13.18056],[-85.29023,13.17593],[-85.29519,13.17071],[-85.29623,13.16755],[-85.29539,13.16486],[-85.29414,13.16389],[-85.28637,13.16495],[-85.28354,13.15883],[-85.28117,13.15736],[-85.2753,13.16068],[-85.2719,13.15983],[-85.27394,13.14932],[-85.27286,13.14765],[-85.26865,13.14588],[-85.26705,13.14594],[-85.26619,13.14827],[-85.26162,13.15119],[-85.25365,13.14189],[-85.24524,13.14288],[-85.23581,13.15371],[-85.22604,13.15162],[-85.22402,13.15415],[-85.21567,13.15628],[-85.21148,13.16072],[-85.20801,13.16058],[-85.20816,13.16444],[-85.2041,13.16748],[-85.20061,13.16834],[-85.19675,13.1653],[-85.19159,13.15237],[-85.17983,13.14177],[-85.17586,13.15011],[-85.17297,13.15186],[-85.17371,13.16203],[-85.1772,13.16585],[-85.17589,13.16846],[-85.17254,13.17026],[-85.16547,13.16879],[-85.16094,13.17225],[-85.15015,13.17239],[-85.14849,13.16815],[-85.14432,13.16597],[-85.14057,13.15841],[-85.13854,13.15744],[-85.1369,13.16031],[-85.13745,13.16925],[-85.13372,13.17297],[-85.13338,13.17863],[-85.13181,13.17687],[-85.12566,13.17467],[-85.11822,13.17926],[-85.11517,13.1793],[-85.10875,13.18436],[-85.10096,13.18343],[-85.07752,13.17608],[-85.07318,13.17298],[-85.0716,13.16355],[-85.07309,13.16113],[-85.0717,13.15815],[-85.07832,13.1564],[-85.0781,13.15868],[-85.07963,13.15933],[-85.08498,13.15855],[-85.08612,13.15607],[-85.08545,13.15351],[-85.08939,13.15087],[-85.08723,13.14811],[-85.08607,13.13442],[-85.08474,13.13231],[-85.0805,13.13022],[-85.08174,13.12578],[-85.08539,13.12444],[-85.08599,13.12205],[-85.08756,13.12261],[-85.08889,13.12139],[-85.09024,13.12313],[-85.094,13.12138],[-85.09436,13.12241],[-85.09752,13.12218],[-85.09816,13.1234],[-85.0994,13.12277],[-85.1,13.12376],[-85.10041,13.12277],[-85.10511,13.12664],[-85.11193,13.10394],[-85.11205,13.10037],[-85.10987,13.09861],[-85.11003,13.09613],[-85.10738,13.08988],[-85.10496,13.0892],[-85.10098,13.08458],[-85.10078,13.08266],[-85.09811,13.08131],[-85.09848,13.0784],[-85.09679,13.0785],[-85.09643,13.07584],[-85.09447,13.07523],[-85.09514,13.07428],[-85.0938,13.07479],[-85.09216,13.07215],[-85.08921,13.07121],[-85.09027,13.06726],[-85.09205,13.06753],[-85.09277,13.06541],[-85.09431,13.06638],[-85.09446,13.06183],[-85.09872,13.06404],[-85.09916,13.06119],[-85.10108,13.06123],[-85.10183,13.05945],[-85.10341,13.05997],[-85.10702,13.05551],[-85.10601,13.05363],[-85.10764,13.05194],[-85.10586,13.04844],[-85.10635,13.04664],[-85.1101,13.04852],[-85.11155,13.04519],[-85.11581,13.04559],[-85.11536,13.04107],[-85.11798,13.03974],[-85.12193,13.04031],[-85.12213,13.03675],[-85.1264,13.03832],[-85.12955,13.03615],[-85.13077,13.03173],[-85.12907,13.03044],[-85.13095,13.02416],[-85.13248,13.02241],[-85.13401,13.02382],[-85.13632,13.02308],[-85.13481,13.02117],[-85.13815,13.01965],[-85.13794,13.01816],[-85.13986,13.01794],[-85.13939,13.01694],[-85.14154,13.01843],[-85.14253,13.01416],[-85.14134,13.01249],[-85.14302,13.01304],[-85.14283,13.01113],[-85.1442,13.01181],[-85.1438,13.01073],[-85.14604,13.00989],[-85.14519,13.00636],[-85.14333,13.00626],[-85.14302,13.00447],[-85.14463,13.00287],[-85.14481,12.99981],[-85.14739,12.99779],[-85.14619,12.99709],[-85.14738,12.99543],[-85.14648,12.99482],[-85.14782,12.99504],[-85.1478,12.99276],[-85.14893,12.99259],[-85.14804,12.99125],[-85.14889,12.98938],[-85.14722,12.98942],[-85.14844,12.98864],[-85.14701,12.98799],[-85.14908,12.98738],[-85.14963,12.98539],[-85.14997,12.98757],[-85.15124,12.98733],[-85.15065,12.9858],[-85.15244,12.98559],[-85.15241,12.98088],[-85.15082,12.98026],[-85.15484,12.9803],[-85.15488,12.97843],[-85.15715,12.97582],[-85.16069,12.97855],[-85.16248,12.98589],[-85.16631,12.9899],[-85.16609,12.99359],[-85.1679,12.99453],[-85.16795,12.99849],[-85.1692,12.99951],[-85.16784,12.99944],[-85.16787,13.00084],[-85.16853,13.00157],[-85.17021,13.00057],[-85.17045,13.0031],[-85.17345,13.00351],[-85.17201,13.00417],[-85.17551,13.00593],[-85.17537,13.00705],[-85.1788,13.00756],[-85.18358,12.99726],[-85.18547,12.9959],[-85.18473,12.99431],[-85.18666,12.9906],[-85.18866,12.99091],[-85.18841,12.98906],[-85.19145,12.98511],[-85.19072,12.98243],[-85.19735,12.97976],[-85.19133,12.96425],[-85.189,12.96333],[-85.18542,12.9591],[-85.1857,12.95763],[-85.18215,12.95497],[-85.18263,12.95321],[-85.18,12.95222],[-85.17762,12.94731],[-85.17808,12.9455],[-85.18066,12.94642],[-85.1831,12.94408],[-85.1858,12.94446],[-85.18769,12.94165],[-85.18879,12.94179],[-85.18799,12.93917],[-85.18965,12.93768],[-85.18918,12.93508],[-85.19039,12.93462],[-85.1889,12.9328],[-85.19167,12.93075],[-85.19083,12.92896],[-85.19182,12.92828],[-85.19109,12.92599],[-85.19255,12.92551],[-85.19224,12.92329],[-85.19116,12.92347],[-85.19105,12.92045],[-85.18876,12.91959],[-85.1908,12.91906],[-85.18962,12.91741],[-85.19104,12.91552],[-85.19042,12.91409],[-85.18813,12.91433],[-85.18854,12.91266],[-85.18656,12.91237],[-85.18508,12.90857],[-85.18404,12.90909],[-85.18496,12.90721],[-85.18271,12.90615],[-85.1853,12.9046],[-85.18463,12.90276],[-85.1833,12.90411],[-85.18254,12.90138],[-85.1846,12.90104],[-85.18286,12.89836],[-85.18418,12.89793],[-85.18319,12.89617],[-85.18485,12.89458],[-85.18379,12.89362],[-85.18464,12.89119],[-85.18628,12.89092],[-85.18634,12.88808],[-85.18831,12.88777],[-85.18833,12.88513],[-85.19004,12.88251],[-85.18803,12.88179],[-85.18714,12.87758],[-85.18535,12.8769],[-85.18962,12.87076],[-85.18815,12.86807],[-85.19274,12.86437],[-85.1925,12.86113],[-85.19446,12.86036],[-85.19574,12.86148],[-85.1976,12.85703],[-85.19545,12.85581],[-85.19587,12.85399],[-85.19859,12.85227],[-85.19674,12.84929],[-85.19855,12.84493],[-85.19539,12.84354],[-85.19704,12.84211],[-85.19175,12.83752],[-85.1883,12.83085],[-85.18672,12.82356],[-85.18747,12.82258],[-85.18619,12.82071],[-85.18688,12.81898],[-85.18567,12.8175],[-85.18606,12.81546],[-85.18784,12.81465],[-85.18502,12.81458],[-85.18403,12.81142],[-85.18245,12.81169],[-85.18049,12.80564],[-85.17846,12.80786],[-85.17366,12.8062],[-85.17364,12.80888],[-85.16538,12.80874],[-85.16353,12.81026],[-85.16433,12.81318],[-85.16182,12.81423],[-85.15824,12.8113],[-85.14748,12.8071],[-85.14681,12.80496],[-85.14366,12.80299],[-85.13838,12.79186],[-85.13621,12.79251],[-85.1242,12.7846],[-85.12116,12.78497],[-85.12509,12.77942],[-85.12367,12.77451],[-85.12524,12.76914],[-85.13352,12.76665],[-85.13046,12.76083],[-85.13064,12.75355],[-85.13862,12.7539],[-85.14002,12.75272],[-85.13904,12.74949],[-85.13589,12.74701],[-85.13355,12.74187],[-85.12627,12.73993],[-85.12625,12.73793],[-85.13384,12.72559],[-85.13673,12.72408],[-85.14512,12.72299],[-85.14914,12.72021],[-85.15294,12.7147],[-85.14996,12.70735],[-85.15119,12.70468],[-85.15682,12.70151],[-85.16308,12.70287],[-85.1665,12.7005],[-85.16247,12.68468],[-85.15601,12.67808],[-85.15605,12.67458],[-85.15758,12.67316],[-85.15422,12.66434],[-85.1549,12.66184],[-85.15878,12.65778],[-85.15733,12.65266],[-85.16494,12.65008],[-85.17099,12.6529],[-85.17587,12.65991],[-85.17947,12.66064],[-85.18954,12.65158],[-85.18829,12.64705],[-85.18346,12.64153],[-85.18196,12.63521],[-85.18923,12.62452],[-85.19141,12.62334],[-85.19428,12.6246],[-85.1968,12.63506],[-85.19996,12.63556],[-85.20592,12.63399],[-85.21464,12.63698],[-85.218,12.63563],[-85.22432,12.62948],[-85.22868,12.62258],[-85.22899,12.61964],[-85.23103,12.61907],[-85.23571,12.62528],[-85.24017,12.62535],[-85.24191,12.62699],[-85.2414,12.63592],[-85.23978,12.64118],[-85.24892,12.6457],[-85.25366,12.65062],[-85.25915,12.65873],[-85.25896,12.66518],[-85.26105,12.67008],[-85.26378,12.66957],[-85.26777,12.66193],[-85.27084,12.6596],[-85.27573,12.66057],[-85.27957,12.66524],[-85.29117,12.65641],[-85.29605,12.65789],[-85.29884,12.6571],[-85.29734,12.66239],[-85.29062,12.66957],[-85.28692,12.67655],[-85.28891,12.68372],[-85.29367,12.69005],[-85.30264,12.68857],[-85.31433,12.68227],[-85.31863,12.68241],[-85.32431,12.69366],[-85.33045,12.69859],[-85.32834,12.70443],[-85.32949,12.70638],[-85.33527,12.70833],[-85.33862,12.7039],[-85.34388,12.70607],[-85.3511,12.70558],[-85.35939,12.71186],[-85.3617,12.70977],[-85.36125,12.70354],[-85.36414,12.70033],[-85.36549,12.69586],[-85.36873,12.69539],[-85.37198,12.69903],[-85.37267,12.71001],[-85.37865,12.72272],[-85.39226,12.73363],[-85.40662,12.73881],[-85.40703,12.74198],[-85.40903,12.74299],[-85.41492,12.73898],[-85.42127,12.73117],[-85.43395,12.71986],[-85.43931,12.71955],[-85.44236,12.71772],[-85.44479,12.71998],[-85.44866,12.71781],[-85.45101,12.7189],[-85.4528,12.71567],[-85.45732,12.71358],[-85.4593,12.71098],[-85.45801,12.70612],[-85.46041,12.70418],[-85.45629,12.70144],[-85.45777,12.69904],[-85.46744,12.69976],[-85.46936,12.7025],[-85.47369,12.70057],[-85.47485,12.7026],[-85.47489,12.7087],[-85.47784,12.714],[-85.48269,12.71271],[-85.4849,12.71064],[-85.49049,12.71044],[-85.49438,12.71511],[-85.50126,12.70937],[-85.50599,12.71202],[-85.50619,12.71557],[-85.50775,12.71651],[-85.50906,12.71223],[-85.51085,12.71259],[-85.51055,12.70938],[-85.51359,12.70709],[-85.51653,12.70846],[-85.51684,12.70604],[-85.51929,12.70446],[-85.51997,12.70163],[-85.52452,12.70503],[-85.52456,12.70634],[-85.52752,12.70724],[-85.52978,12.70506],[-85.5346,12.7071],[-85.53308,12.70936],[-85.53445,12.71065],[-85.53803,12.71124],[-85.53847,12.70961],[-85.5399,12.71292],[-85.54339,12.71132],[-85.54505,12.71283],[-85.54946,12.71],[-85.55133,12.70336],[-85.55397,12.70295],[-85.55329,12.69958],[-85.556,12.69707],[-85.55721,12.69266],[-85.56191,12.68859],[-85.56477,12.69076],[-85.56732,12.68825],[-85.56857,12.68913],[-85.56967,12.68467],[-85.56657,12.68634],[-85.56471,12.68143],[-85.56755,12.68094],[-85.56801,12.68343],[-85.56927,12.68332],[-85.56852,12.67899],[-85.57153,12.67672],[-85.57387,12.67686],[-85.57627,12.6734],[-85.58498,12.67184],[-85.58743,12.67616],[-85.5929,12.67103],[-85.59862,12.67341],[-85.59981,12.67076],[-85.60381,12.66937],[-85.60455,12.66546],[-85.61556,12.66933],[-85.61715,12.66665],[-85.61999,12.66677],[-85.62171,12.66414],[-85.62409,12.66444],[-85.62785,12.66203],[-85.62908,12.66252],[-85.62812,12.66498],[-85.63004,12.6662],[-85.63198,12.66091],[-85.63442,12.66364],[-85.63771,12.66299],[-85.63791,12.66028],[-85.64376,12.6579],[-85.64074,12.65754],[-85.64167,12.65458],[-85.64744,12.65494],[-85.64604,12.65297],[-85.64728,12.65242],[-85.65457,12.65592],[-85.65929,12.65068],[-85.66095,12.65575],[-85.66731,12.65821],[-85.67108,12.65751],[-85.67176,12.6563],[-85.67408,12.6574],[-85.67709,12.6547],[-85.68008,12.6541],[-85.68009,12.65695],[-85.68145,12.65678],[-85.68505,12.66039],[-85.72575,12.6601],[-85.76797,12.63808],[-85.80829,12.64875],[-85.83624,12.64716],[-85.85827,12.63607],[-85.86122,12.63304],[-85.8687,12.63393],[-85.87175,12.63733],[-85.87549,12.63513],[-85.87863,12.63715],[-85.88503,12.63511],[-85.88911,12.63302],[-85.88898,12.62753],[-85.89407,12.62602],[-85.89225,12.62486],[-85.89193,12.62138],[-85.88633,12.62018],[-85.88626,12.6151],[-85.88868,12.61454],[-85.88823,12.60778],[-85.8892,12.60698],[-85.88772,12.60517],[-85.89126,12.59739],[-85.89545,12.59548],[-85.89566,12.59203],[-85.8977,12.59103],[-85.90004,12.58639],[-85.90637,12.58219],[-85.91005,12.58385],[-85.91197,12.57974],[-85.91488,12.57845],[-85.91504,12.5758],[-85.91802,12.5733],[-85.91698,12.57296],[-85.92228,12.56936],[-85.92427,12.57131],[-85.93662,12.57155],[-85.94351,12.55524],[-85.96708,12.55006],[-85.96896,12.54635],[-85.97067,12.54625],[-85.96942,12.54443],[-85.97132,12.54199],[-85.97156,12.53889],[-85.97456,12.53699],[-85.9753,12.53494],[-85.97882,12.53435],[-85.97891,12.53592],[-85.98209,12.53839],[-85.98259,12.54186],[-85.98898,12.54173],[-85.99475,12.54762],[-85.99681,12.54706],[-85.99838,12.54204],[-86.04967,12.54791],[-86.05185,12.55672],[-86.0496,12.56746],[-86.10868,12.58824],[-86.11761,12.58956],[-86.1236,12.58812],[-86.12654,12.58913],[-86.13125,12.58832],[-86.13344,12.58947],[-86.13787,12.58878],[-86.1408,12.5905],[-86.14237,12.59007],[-86.14563,12.59328],[-86.14836,12.59185],[-86.15341,12.59182],[-86.15673,12.58937],[-86.15893,12.5896],[-86.1565,12.59631],[-86.15824,12.5995],[-86.16057,12.59975],[-86.16314,12.60358],[-86.16765,12.60418],[-86.19677,12.62761],[-86.2216,12.63138],[-86.23494,12.62507],[-86.24359,12.62924],[-86.24665,12.63514],[-86.24806,12.63476],[-86.25067,12.63688],[-86.25378,12.63616],[-86.2561,12.63879],[-86.25838,12.6391],[-86.26041,12.63752],[-86.26758,12.6382],[-86.27064,12.63677],[-86.2732,12.63781],[-86.27667,12.63671],[-86.27898,12.6374],[-86.28015,12.64149],[-86.28183,12.6407],[-86.28421,12.64419],[-86.28379,12.647],[-86.28569,12.65044],[-86.28709,12.65906],[-86.28033,12.66875],[-86.28066,12.67177],[-86.28287,12.67247],[-86.28331,12.67486],[-86.27864,12.67711],[-86.27846,12.68263],[-86.27333,12.68555],[-86.27537,12.68944],[-86.28154,12.69535],[-86.28161,12.69666],[-86.27934,12.6981],[-86.27934,12.70005],[-86.2825,12.70227],[-86.28324,12.70483],[-86.2825,12.71018],[-86.2799,12.71426],[-86.28161,12.71811],[-86.27839,12.72168],[-86.28008,12.7265],[-86.28219,12.72765],[-86.27882,12.73241],[-86.27642,12.7334],[-86.27754,12.73581],[-86.27702,12.74364],[-86.27511,12.74993],[-86.28285,12.75407],[-86.28477,12.75809],[-86.28667,12.79338],[-86.28825,12.80205],[-86.28605,12.83318],[-86.28864,12.84804],[-86.3011,12.86146],[-86.28412,12.86997],[-86.27467,12.90972],[-86.27529,12.9148],[-86.26667,12.91321],[-86.2629,12.91527],[-86.26272,12.91407],[-86.25959,12.91257],[-86.25193,12.91703],[-86.25208,12.92118],[-86.24272,12.92419],[-86.23891,12.92355],[-86.21677,12.92534],[-86.20359,12.93625],[-86.20675,12.95639],[-86.17486,12.97913],[-86.13517,12.99946],[-86.1383,13.00621],[-86.13478,13.01106],[-86.13687,13.01225],[-86.14175,13.01208],[-86.14491,13.01329],[-86.14643,13.01531],[-86.14063,13.01675],[-86.13868,13.01407],[-86.13669,13.01402],[-86.13691,13.01845],[-86.13509,13.02231],[-86.13365,13.02257],[-86.13335,13.02076],[-86.1313,13.02043],[-86.13017,13.02442],[-86.13082,13.02706],[-86.12856,13.02876],[-86.12543,13.03612],[-86.12338,13.03743],[-86.12321,13.03967],[-86.12014,13.0367],[-86.11702,13.03645],[-86.11507,13.03719],[-86.11524,13.04157],[-86.11413,13.04272],[-86.11266,13.04172],[-86.10989,13.04351],[-86.10359,13.04314],[-86.10113,13.04135],[-86.09774,13.04403],[-86.0959,13.04278],[-86.0953,13.04015],[-86.09264,13.03897],[-86.0886,13.04591],[-86.08645,13.04516],[-86.08578,13.03995],[-86.08345,13.03891],[-86.07948,13.03829],[-86.07745,13.03889],[-86.07634,13.04171],[-86.07278,13.04161],[-86.0685,13.03418],[-86.06821,13.02873],[-86.06392,13.0251],[-86.06164,13.02559],[-86.06024,13.02177],[-86.05543,13.0197],[-86.05422,13.01618],[-86.05163,13.01466],[-86.04881,13.01595],[-86.04616,13.01456],[-86.04084,13.01611],[-86.0318,13.01608],[-86.02073,13.00669],[-86.01687,12.99428],[-86.0055,12.99591],[-86.00156,12.99847],[-85.99365,12.99961],[-85.99275,13.00095],[-85.98358,12.9967],[-85.98208,12.99777],[-85.98672,13.00849],[-85.98573,13.01432],[-85.98153,13.01748],[-85.98195,13.01873],[-85.97727,13.02],[-85.97537,13.02303],[-85.9596,13.02542],[-85.92335,13.0257],[-85.91942,13.03282],[-85.92049,13.03428],[-85.91997,13.03821],[-85.91818,13.04168],[-85.91425,13.04432],[-85.91225,13.05215],[-85.90853,13.05496],[-85.90901,13.05771],[-85.91116,13.05987],[-85.91093,13.06116],[-85.90736,13.06296],[-85.90766,13.06844],[-85.90582,13.07069],[-85.90024,13.07268]]]}},{"type":"Feature","properties":{"nombre":"Nueva Segovia","iso":"NI-NS"},"geometry":{"type":"Polygon","coordinates":[[[-86.76277,13.76897],[-86.72355,13.78702],[-86.66611,13.78434],[-86.66576,13.7823],[-86.66445,13.78174],[-86.66392,13.77683],[-86.66161,13.77747],[-86.65922,13.77496],[-86.64866,13.7801],[-86.64983,13.77857],[-86.64621,13.77798],[-86.64508,13.77912],[-86.64389,13.7772],[-86.64084,13.77998],[-86.63936,13.77924],[-86.63901,13.78272],[-86.63598,13.78232],[-86.63443,13.78595],[-86.63215,13.78467],[-86.62795,13.7881],[-86.62725,13.78666],[-86.62603,13.78727],[-86.62372,13.78569],[-86.62122,13.78762],[-86.61856,13.78744],[-86.61646,13.78449],[-86.61515,13.78535],[-86.61126,13.7846],[-86.60924,13.78176],[-86.60502,13.78617],[-86.60102,13.78528],[-86.59526,13.78899],[-86.59109,13.78689],[-86.58826,13.78716],[-86.58514,13.78438],[-86.58057,13.78584],[-86.5757,13.79098],[-86.57018,13.79375],[-86.56419,13.80017],[-86.56063,13.8019],[-86.55608,13.80243],[-86.55274,13.80037],[-86.5508,13.79743],[-86.5445,13.79954],[-86.53845,13.80528],[-86.53145,13.8007],[-86.53029,13.79505],[-86.52622,13.78978],[-86.52397,13.78944],[-86.52226,13.78734],[-86.5227,13.78103],[-86.5153,13.77701],[-86.51422,13.77471],[-86.50245,13.77579],[-86.50027,13.77361],[-86.49425,13.77269],[-86.49163,13.76886],[-86.48298,13.77067],[-86.48131,13.77637],[-86.47799,13.77116],[-86.47272,13.77138],[-86.46724,13.7745],[-86.46473,13.77986],[-86.46084,13.78198],[-86.46067,13.7857],[-86.45824,13.78602],[-86.4537,13.78985],[-86.45206,13.78836],[-86.45169,13.78382],[-86.44868,13.78277],[-86.44748,13.7801],[-86.44619,13.77697],[-86.44638,13.77259],[-86.44359,13.76726],[-86.43761,13.76284],[-86.43337,13.76352],[-86.43165,13.76504],[-86.42511,13.76554],[-86.42156,13.76416],[-86.41696,13.75909],[-86.41068,13.76046],[-86.40255,13.75883],[-86.40131,13.7616],[-86.39861,13.76304],[-86.39178,13.76106],[-86.38674,13.76197],[-86.38436,13.76318],[-86.37836,13.77134],[-86.37661,13.77114],[-86.37212,13.76541],[-86.36712,13.76327],[-86.35571,13.76604],[-86.35063,13.76304],[-86.34639,13.76892],[-86.34223,13.76711],[-86.33915,13.76866],[-86.33226,13.76913],[-86.32744,13.77913],[-86.31546,13.79223],[-86.31738,13.79657],[-86.31653,13.80302],[-86.30493,13.80656],[-86.30362,13.80802],[-86.30352,13.815],[-86.29622,13.81609],[-86.29474,13.82582],[-86.30294,13.83871],[-86.29959,13.84001],[-86.30043,13.84516],[-86.29972,13.84641],[-86.2971,13.84672],[-86.29881,13.85333],[-86.29051,13.85232],[-86.28876,13.85473],[-86.28553,13.85395],[-86.2815,13.85636],[-86.27977,13.85864],[-86.2788,13.86674],[-86.2763,13.86857],[-86.2783,13.87596],[-86.26906,13.87772],[-86.26796,13.88053],[-86.26617,13.88115],[-86.26128,13.882],[-86.25691,13.88047],[-86.25832,13.88584],[-86.25713,13.88721],[-86.25161,13.88791],[-86.24921,13.8866],[-86.24745,13.8886],[-86.24985,13.89187],[-86.24877,13.89374],[-86.24532,13.89524],[-86.24321,13.90428],[-86.22702,13.90668],[-86.2254,13.90807],[-86.22472,13.91229],[-86.22185,13.91498],[-86.22641,13.91986],[-86.22646,13.92411],[-86.22497,13.92705],[-86.21799,13.93319],[-86.21774,13.9368],[-86.21201,13.93895],[-86.20082,13.93673],[-86.19848,13.94152],[-86.19551,13.94242],[-86.19815,13.9472],[-86.19583,13.95498],[-86.186,13.95536],[-86.18523,13.9596],[-86.18882,13.96864],[-86.18782,13.97443],[-86.19252,13.98023],[-86.1907,13.98403],[-86.18683,13.98631],[-86.18147,13.9831],[-86.17652,13.98245],[-86.17097,13.97966],[-86.16381,13.9828],[-86.15767,13.99322],[-86.15389,13.99377],[-86.14903,14.00044],[-86.14074,13.99951],[-86.14179,14.00313],[-86.14029,14.00669],[-86.14438,14.00833],[-86.14425,14.0139],[-86.15013,14.01441],[-86.15414,14.01728],[-86.15439,14.02147],[-86.15721,14.02433],[-86.15298,14.035],[-86.14717,14.03771],[-86.14255,14.03806],[-86.1391,14.03997],[-86.13759,14.0431],[-86.13374,14.04366],[-86.13256,14.045],[-86.13584,14.04916],[-86.13488,14.05012],[-86.1309,14.04948],[-86.12557,14.04476],[-86.11849,14.04476],[-86.11656,14.04951],[-86.10735,14.05849],[-86.10443,14.05835],[-86.09611,14.06262],[-86.09111,14.0643],[-86.08873,14.06355],[-86.08599,14.0654],[-86.08014,14.06527],[-86.07707,14.06297],[-86.07609,14.06971],[-86.04293,14.06957],[-86.04191,14.07176],[-86.04,14.07241],[-86.04089,14.07286],[-86.03877,14.07457],[-86.03878,14.07671],[-86.02077,14.0781],[-86.01168,14.08014],[-86.00349,14.07017],[-86.01123,14.06091],[-86.00875,14.05576],[-86.04202,13.9961],[-86.03819,13.99405],[-86.03331,13.99404],[-86.0294,13.99856],[-86.02392,13.9971],[-86.02379,13.99336],[-86.02218,13.99119],[-86.01904,13.99054],[-86.01701,13.99198],[-86.01553,13.98996],[-86.01654,13.988],[-86.01569,13.98645],[-86.0105,13.9864],[-86.00205,13.97809],[-85.99999,13.97375],[-86.00052,13.97165],[-85.99512,13.96971],[-85.99516,13.96378],[-85.99392,13.96554],[-85.99126,13.96453],[-85.98836,13.96541],[-85.98777,13.96958],[-85.98497,13.96825],[-85.98302,13.96918],[-85.98322,13.96808],[-85.97997,13.96799],[-85.98015,13.96586],[-85.97692,13.96196],[-85.97049,13.96258],[-85.96994,13.96017],[-85.96834,13.96108],[-85.96658,13.96018],[-85.96616,13.95785],[-85.9682,13.95662],[-85.96487,13.95373],[-85.96471,13.95101],[-85.96024,13.94998],[-85.95849,13.95156],[-85.95593,13.95016],[-85.95445,13.951],[-85.95058,13.9465],[-85.94863,13.94748],[-85.9477,13.94437],[-85.94517,13.94461],[-85.94333,13.94286],[-85.93524,13.94096],[-85.93458,13.93746],[-85.9331,13.93767],[-85.92593,13.93338],[-85.92437,13.93454],[-85.92161,13.93151],[-85.91988,13.93227],[-85.92036,13.93493],[-85.91852,13.9376],[-85.9154,13.93463],[-85.91334,13.92897],[-85.91417,13.92744],[-85.9127,13.92598],[-85.91625,13.91647],[-85.91374,13.90846],[-85.90945,13.90901],[-85.90887,13.90733],[-85.90315,13.90657],[-85.9026,13.90506],[-85.898,13.90314],[-85.89636,13.90558],[-85.89379,13.90369],[-85.89226,13.90439],[-85.89367,13.90684],[-85.88874,13.91339],[-85.89082,13.91365],[-85.89243,13.9161],[-85.89059,13.9175],[-85.89043,13.91966],[-85.88757,13.92094],[-85.88883,13.92479],[-85.88457,13.92488],[-85.88193,13.92962],[-85.8783,13.92585],[-85.8718,13.92508],[-85.86916,13.92202],[-85.86448,13.92306],[-85.86131,13.92089],[-85.85743,13.92134],[-85.85484,13.9199],[-85.85311,13.92131],[-85.85025,13.91813],[-85.84542,13.91763],[-85.84424,13.91449],[-85.83854,13.91116],[-85.83983,13.90966],[-85.84331,13.91078],[-85.84207,13.90659],[-85.836,13.90479],[-85.83656,13.9034],[-85.84007,13.90268],[-85.83737,13.90092],[-85.83698,13.89906],[-85.8416,13.89576],[-85.8376,13.89314],[-85.83845,13.89041],[-85.84124,13.88953],[-85.8369,13.88781],[-85.83863,13.88776],[-85.84191,13.88435],[-85.83881,13.88468],[-85.83678,13.88241],[-85.83718,13.87756],[-85.82659,13.87012],[-85.8285,13.86641],[-85.82637,13.864],[-85.82683,13.85789],[-85.82101,13.85868],[-85.82212,13.85351],[-85.8196,13.84894],[-85.81347,13.84942],[-85.80632,13.84593],[-85.80363,13.8433],[-85.79703,13.84232],[-85.79506,13.84309],[-85.79324,13.84196],[-85.7918,13.84417],[-85.78986,13.84456],[-85.78503,13.84231],[-85.78493,13.84452],[-85.77771,13.84645],[-85.77419,13.84903],[-85.76629,13.84897],[-85.76127,13.84468],[-85.75956,13.84497],[-85.75886,13.84311],[-85.75499,13.84645],[-85.75643,13.84272],[-85.75364,13.83677],[-85.7546,13.83398],[-85.75229,13.8323],[-85.75253,13.83054],[-85.75669,13.82866],[-85.76258,13.81244],[-85.76451,13.81235],[-85.76614,13.81408],[-85.76938,13.81262],[-85.77257,13.80863],[-85.77342,13.80452],[-85.77885,13.80307],[-85.7818,13.79658],[-85.78859,13.79574],[-85.78571,13.79061],[-85.78664,13.78663],[-85.78875,13.78587],[-85.79459,13.78752],[-85.79523,13.78662],[-85.79209,13.7772],[-85.78695,13.774],[-85.78428,13.7687],[-85.77924,13.76432],[-85.77813,13.76134],[-85.78046,13.75445],[-85.78639,13.75104],[-85.78778,13.74522],[-85.79198,13.74324],[-85.78987,13.73887],[-85.7908,13.73221],[-85.78874,13.72963],[-85.78443,13.72874],[-85.78352,13.72557],[-85.78905,13.72106],[-85.78807,13.71486],[-85.78978,13.71076],[-85.79171,13.71031],[-85.79451,13.71219],[-85.79709,13.71146],[-85.79688,13.70756],[-85.7985,13.70404],[-85.79605,13.69966],[-85.79647,13.6958],[-85.80131,13.69491],[-85.80407,13.69238],[-85.79985,13.68852],[-85.8001,13.68573],[-85.80631,13.68355],[-85.80973,13.68371],[-85.8133,13.68111],[-85.8139,13.67708],[-85.81036,13.66932],[-85.8127,13.66186],[-85.81027,13.65644],[-85.81544,13.65377],[-85.8171,13.64798],[-85.81863,13.64665],[-85.81102,13.64109],[-85.81826,13.63717],[-85.82003,13.6349],[-85.81899,13.62736],[-85.81992,13.62432],[-85.8278,13.61998],[-85.82906,13.61625],[-85.82863,13.60684],[-85.83105,13.60153],[-85.83057,13.59872],[-85.82712,13.59399],[-85.82961,13.59077],[-85.82935,13.58922],[-85.82079,13.5856],[-85.81767,13.58128],[-85.82074,13.57763],[-85.82658,13.57626],[-85.82752,13.57057],[-85.82568,13.56635],[-85.83034,13.56279],[-85.83092,13.56028],[-85.8262,13.55441],[-85.82398,13.55444],[-85.81962,13.55945],[-85.81806,13.55902],[-85.81546,13.55252],[-85.8123,13.54939],[-85.81215,13.54578],[-85.81713,13.54103],[-85.82148,13.54055],[-85.83059,13.53576],[-85.83009,13.53288],[-85.82586,13.52895],[-85.82487,13.52457],[-85.82903,13.52053],[-85.82789,13.51642],[-85.83021,13.51411],[-85.83685,13.51551],[-85.83598,13.52099],[-85.83794,13.52218],[-85.84955,13.52034],[-85.85018,13.51559],[-85.8545,13.5129],[-85.85706,13.50606],[-85.85992,13.50635],[-85.86396,13.50937],[-85.87255,13.50804],[-85.88105,13.51055],[-85.88491,13.51024],[-85.88525,13.50787],[-85.8834,13.50361],[-85.88588,13.49875],[-85.89247,13.4969],[-85.8958,13.49179],[-85.89826,13.49121],[-85.9005,13.49226],[-85.90598,13.49015],[-85.91005,13.47795],[-85.90539,13.46565],[-85.90656,13.46398],[-85.91136,13.46292],[-85.91552,13.46544],[-85.91917,13.47379],[-85.93132,13.47202],[-85.93446,13.47306],[-85.94272,13.48905],[-85.9463,13.49339],[-85.95691,13.49657],[-85.96258,13.50081],[-85.96837,13.50268],[-85.97594,13.51354],[-85.98303,13.5127],[-85.99116,13.51735],[-85.99788,13.51522],[-86.01036,13.519],[-86.01443,13.51629],[-86.02116,13.51674],[-86.02285,13.51356],[-86.02281,13.50894],[-86.02416,13.50757],[-86.02217,13.50263],[-86.02413,13.5015],[-86.02477,13.4969],[-86.02889,13.49553],[-86.03225,13.49623],[-86.03929,13.5005],[-86.04302,13.49958],[-86.04728,13.50045],[-86.04815,13.50418],[-86.05045,13.50486],[-86.05516,13.4982],[-86.06277,13.50011],[-86.06583,13.49736],[-86.06819,13.49699],[-86.06769,13.49875],[-86.07057,13.50263],[-86.07026,13.50526],[-86.07856,13.51352],[-86.07954,13.51991],[-86.07841,13.52374],[-86.08518,13.52678],[-86.08343,13.53134],[-86.08426,13.53395],[-86.09554,13.53473],[-86.09564,13.56783],[-86.13631,13.59854],[-86.14934,13.61778],[-86.15349,13.61587],[-86.15427,13.61263],[-86.16,13.60648],[-86.16511,13.60679],[-86.16898,13.60456],[-86.16872,13.60252],[-86.17267,13.59824],[-86.17175,13.59503],[-86.17284,13.59528],[-86.17589,13.59109],[-86.18121,13.59002],[-86.18626,13.58693],[-86.18801,13.58803],[-86.18999,13.59255],[-86.18986,13.59949],[-86.19832,13.60571],[-86.2085,13.61859],[-86.24258,13.62237],[-86.27104,13.61712],[-86.286,13.60872],[-86.31431,13.58706],[-86.31488,13.5897],[-86.31789,13.59209],[-86.31808,13.59657],[-86.32267,13.59496],[-86.32829,13.59511],[-86.3327,13.5913],[-86.33589,13.59483],[-86.33897,13.5927],[-86.33996,13.59729],[-86.34763,13.59569],[-86.35324,13.59768],[-86.34919,13.57805],[-86.35917,13.57741],[-86.36901,13.56579],[-86.37351,13.56325],[-86.37407,13.56648],[-86.37602,13.56706],[-86.37858,13.57182],[-86.38349,13.57165],[-86.38526,13.56868],[-86.38736,13.57052],[-86.3873,13.57226],[-86.39002,13.57325],[-86.39317,13.57275],[-86.39424,13.57068],[-86.39689,13.57096],[-86.3976,13.56994],[-86.4117,13.58166],[-86.41108,13.58229],[-86.41603,13.58336],[-86.41836,13.58055],[-86.42343,13.58121],[-86.43016,13.57875],[-86.43103,13.57725],[-86.44222,13.57729],[-86.45213,13.58621],[-86.47811,13.58366],[-86.51018,13.5965],[-86.53183,13.59362],[-86.53543,13.58928],[-86.54791,13.58052],[-86.55072,13.57876],[-86.55393,13.57912],[-86.55351,13.57545],[-86.55556,13.57282],[-86.55801,13.57195],[-86.55999,13.57569],[-86.56383,13.57532],[-86.56469,13.57363],[-86.58839,13.59342],[-86.60934,13.58684],[-86.60778,13.59111],[-86.63472,13.61144],[-86.63884,13.63957],[-86.67192,13.64434],[-86.67363,13.64572],[-86.67438,13.64419],[-86.67705,13.64491],[-86.67924,13.64381],[-86.68,13.64693],[-86.68363,13.64799],[-86.68534,13.65024],[-86.68895,13.6501],[-86.68952,13.65181],[-86.69303,13.65124],[-86.69734,13.65482],[-86.69732,13.65724],[-86.70213,13.66047],[-86.70324,13.65905],[-86.70529,13.65934],[-86.70618,13.66198],[-86.70801,13.66025],[-86.70928,13.66285],[-86.7101,13.66092],[-86.7121,13.66209],[-86.71139,13.65964],[-86.71443,13.65859],[-86.71956,13.65908],[-86.72338,13.6576],[-86.72515,13.65982],[-86.7266,13.65952],[-86.7314,13.66278],[-86.74657,13.66252],[-86.75505,13.65144],[-86.76933,13.65153],[-86.78606,13.66225],[-86.76889,13.70081],[-86.77006,13.70572],[-86.76579,13.71599],[-86.76378,13.71713],[-86.76366,13.7236],[-86.76058,13.72407],[-86.76543,13.73556],[-86.76446,13.74136],[-86.76535,13.74507],[-86.77155,13.75281],[-86.76584,13.76619],[-86.76277,13.76897]]]}},{"type":"Feature","properties":{"nombre":"Región Autónoma de la Costa Caribe Norte","iso":"NI-AN"},"geometry":{"type":"Polygon","coordinates":[[[-83.63573,13.04618],[-83.6361,13.0487],[-83.63981,13.04969],[-83.64077,13.05262],[-83.64005,13.06306],[-83.64144,13.06792],[-83.66004,13.07778],[-83.6569,13.08008],[-83.65674,13.08186],[-83.65485,13.08058],[-83.6544,13.08246],[-83.65129,13.08443],[-83.65137,13.08589],[-83.64931,13.08658],[-83.64975,13.09016],[-83.6456,13.09194],[-83.64574,13.09403],[-83.64919,13.0925],[-83.65103,13.09323],[-83.65609,13.09191],[-83.65716,13.09343],[-83.66031,13.09331],[-83.66576,13.09691],[-83.67691,13.09888],[-83.67731,13.10162],[-83.68049,13.102],[-83.68423,13.10524],[-83.68864,13.10651],[-83.69477,13.11073],[-83.70823,13.10912],[-83.71534,13.11614],[-83.72033,13.11836],[-83.72577,13.11395],[-83.73121,13.11285],[-83.73156,13.11542],[-83.73,13.11882],[-83.73104,13.12071],[-83.73965,13.12537],[-83.74355,13.12956],[-83.74861,13.13223],[-83.75369,13.13157],[-83.75606,13.13001],[-83.76291,13.13084],[-83.78091,13.12891],[-83.78499,13.1501],[-83.77923,13.16592],[-83.77906,13.16828],[-83.78035,13.16987],[-83.77927,13.17357],[-83.77684,13.17694],[-83.77713,13.17826],[-83.77546,13.1788],[-83.77462,13.18808],[-83.77541,13.19303],[-83.77927,13.19843],[-83.78656,13.19937],[-83.79178,13.20367],[-83.79176,13.2052],[-83.7943,13.20572],[-83.79727,13.21205],[-83.79588,13.22094],[-83.79891,13.22321],[-83.79713,13.22654],[-83.79455,13.22688],[-83.7937,13.22437],[-83.79236,13.22638],[-83.79041,13.22651],[-83.79124,13.22877],[-83.78951,13.22957],[-83.78889,13.23201],[-83.78437,13.23088],[-83.78399,13.23363],[-83.78182,13.23536],[-83.78249,13.23834],[-83.78018,13.24118],[-83.78214,13.24963],[-83.78684,13.24915],[-83.7877,13.24737],[-83.78908,13.24972],[-83.79186,13.24823],[-83.79437,13.24917],[-83.79889,13.24713],[-83.79953,13.24567],[-83.80031,13.24648],[-83.80402,13.24454],[-83.80415,13.24286],[-83.81008,13.24374],[-83.81392,13.24087],[-83.81912,13.24056],[-83.82281,13.24546],[-83.83181,13.24378],[-83.83749,13.24496],[-83.84207,13.25066],[-83.84461,13.25002],[-83.84732,13.25354],[-83.85071,13.25423],[-83.85307,13.25914],[-83.85598,13.26016],[-83.86118,13.26557],[-83.87093,13.26321],[-83.87785,13.25865],[-83.88107,13.25853],[-83.88769,13.26107],[-83.89458,13.25913],[-83.98346,13.27345],[-84.12925,13.29954],[-84.13018,13.29668],[-84.13317,13.29855],[-84.13458,13.3061],[-84.13685,13.30489],[-84.1372,13.30664],[-84.13944,13.30641],[-84.13852,13.3073],[-84.13932,13.30861],[-84.14106,13.30729],[-84.14191,13.30832],[-84.14364,13.30765],[-84.14352,13.30989],[-84.146,13.30875],[-84.14678,13.31129],[-84.14712,13.30974],[-84.14983,13.30984],[-84.15229,13.30802],[-84.15079,13.30666],[-84.15265,13.30439],[-84.15043,13.30319],[-84.15204,13.29988],[-84.14995,13.2989],[-84.15142,13.29838],[-84.15071,13.29716],[-84.15167,13.29645],[-84.15249,13.29806],[-84.15318,13.29693],[-84.15476,13.29757],[-84.15397,13.2962],[-84.15498,13.29645],[-84.15628,13.29444],[-84.15624,13.296],[-84.15751,13.29618],[-84.15907,13.29483],[-84.15792,13.29435],[-84.15881,13.29341],[-84.16084,13.29377],[-84.16,13.29246],[-84.16165,13.29132],[-84.16205,13.29274],[-84.16257,13.29164],[-84.16541,13.29319],[-84.1706,13.29256],[-84.17285,13.2933],[-84.17281,13.29459],[-84.17394,13.29288],[-84.1759,13.29363],[-84.17441,13.29252],[-84.17571,13.29264],[-84.17635,13.29112],[-84.1765,13.29268],[-84.17773,13.2919],[-84.17961,13.29298],[-84.17969,13.29108],[-84.18054,13.2929],[-84.18655,13.28978],[-84.18729,13.29116],[-84.18884,13.28946],[-84.18752,13.29021],[-84.18701,13.28906],[-84.18961,13.28858],[-84.18792,13.28775],[-84.18992,13.28702],[-84.19388,13.2894],[-84.20008,13.28849],[-84.20116,13.29132],[-84.20252,13.28896],[-84.20248,13.29027],[-84.20364,13.2898],[-84.20426,13.29088],[-84.20657,13.28875],[-84.20964,13.28831],[-84.20981,13.28661],[-84.21399,13.2844],[-84.21357,13.28307],[-84.21471,13.28298],[-84.21516,13.2848],[-84.21619,13.28301],[-84.21662,13.28443],[-84.21724,13.28208],[-84.22221,13.27879],[-84.22168,13.27604],[-84.22511,13.27637],[-84.22637,13.27426],[-84.23343,13.27291],[-84.23426,13.27114],[-84.23657,13.27115],[-84.23758,13.26954],[-84.24276,13.26996],[-84.24545,13.26854],[-84.2486,13.27059],[-84.24979,13.26919],[-84.25004,13.27056],[-84.25145,13.27127],[-84.25185,13.27023],[-84.25343,13.27219],[-84.25511,13.27167],[-84.25596,13.27382],[-84.25827,13.27463],[-84.25812,13.27963],[-84.26292,13.2859],[-84.26919,13.28097],[-84.27555,13.28254],[-84.28518,13.27942],[-84.28725,13.28207],[-84.29333,13.28465],[-84.29627,13.28386],[-84.29917,13.28573],[-84.30284,13.28215],[-84.3106,13.2781],[-84.31379,13.2748],[-84.31525,13.26989],[-84.33193,13.25758],[-84.53596,13.25559],[-84.76117,13.22655],[-84.79398,13.16758],[-84.80206,13.15057],[-84.80522,13.15071],[-84.81167,13.14728],[-84.81693,13.15076],[-84.82318,13.14881],[-84.82782,13.15525],[-84.83614,13.1522],[-84.83895,13.14971],[-84.83826,13.14567],[-84.84181,13.14185],[-84.84857,13.1441],[-84.84877,13.13989],[-84.85159,13.1392],[-84.85046,13.1363],[-84.85372,13.13412],[-84.85176,13.12871],[-84.85251,13.1272],[-84.85832,13.12618],[-84.8618,13.12733],[-84.87443,13.12637],[-84.87902,13.12936],[-84.88305,13.12843],[-84.88656,13.13012],[-84.88771,13.12926],[-84.88602,13.12784],[-84.88698,13.12608],[-84.88541,13.1216],[-84.89185,13.12095],[-84.89406,13.12162],[-84.89597,13.126],[-84.90656,13.12649],[-84.90909,13.12933],[-84.91553,13.12599],[-84.91866,13.1226],[-84.92439,13.12267],[-84.932,13.11411],[-84.93219,13.11072],[-84.92716,13.10888],[-84.92671,13.10352],[-84.92787,13.10052],[-84.93962,13.09862],[-84.94162,13.09703],[-84.94274,13.09781],[-84.94278,13.10087],[-84.94606,13.10491],[-84.94808,13.10271],[-84.9469,13.10059],[-84.9486,13.09966],[-84.94707,13.09672],[-84.94975,13.09476],[-84.94766,13.09324],[-84.94871,13.09225],[-84.95693,13.09613],[-84.96027,13.0962],[-84.96637,13.10025],[-84.96766,13.09583],[-84.96614,13.09303],[-84.96871,13.09066],[-84.96886,13.08863],[-84.97721,13.09326],[-84.97762,13.09586],[-84.97976,13.09706],[-84.98686,13.09761],[-84.98871,13.09936],[-84.99185,13.09967],[-84.99204,13.10274],[-85.00156,13.10772],[-85.0026,13.10732],[-85.00555,13.09825],[-85.013,13.10238],[-85.01236,13.10548],[-85.01546,13.10058],[-85.01938,13.10375],[-85.02086,13.10276],[-85.03012,13.10383],[-85.03109,13.1015],[-85.0366,13.10102],[-85.03428,13.10611],[-85.03945,13.108],[-85.03922,13.10336],[-85.04327,13.09749],[-85.04733,13.09999],[-85.04701,13.10322],[-85.05092,13.10324],[-85.05051,13.10463],[-85.05185,13.10405],[-85.05339,13.10699],[-85.05745,13.10699],[-85.05968,13.1102],[-85.05793,13.11114],[-85.05886,13.11193],[-85.05829,13.1139],[-85.05932,13.11417],[-85.05829,13.11448],[-85.06306,13.11836],[-85.06293,13.12062],[-85.06431,13.11915],[-85.06409,13.12114],[-85.06633,13.12041],[-85.06781,13.12305],[-85.06821,13.12189],[-85.07004,13.1242],[-85.07176,13.12361],[-85.07188,13.12723],[-85.07484,13.13021],[-85.08211,13.13063],[-85.08607,13.13442],[-85.08723,13.14811],[-85.08928,13.15155],[-85.08545,13.15351],[-85.08612,13.15607],[-85.08485,13.1586],[-85.07963,13.15933],[-85.0781,13.15868],[-85.07832,13.1564],[-85.0717,13.15815],[-85.07309,13.16113],[-85.0716,13.16355],[-85.07318,13.17298],[-85.07752,13.17608],[-85.10096,13.18343],[-85.10976,13.18419],[-85.11517,13.1793],[-85.11822,13.17926],[-85.12566,13.17467],[-85.13181,13.17687],[-85.13338,13.17863],[-85.13372,13.17297],[-85.13745,13.16925],[-85.1369,13.16031],[-85.13854,13.15744],[-85.14057,13.15841],[-85.14432,13.16597],[-85.14849,13.16815],[-85.15015,13.17239],[-85.16094,13.17225],[-85.16547,13.16879],[-85.17254,13.17026],[-85.17589,13.16846],[-85.1772,13.16585],[-85.17371,13.16203],[-85.17297,13.15186],[-85.17586,13.15011],[-85.17983,13.14177],[-85.19159,13.15237],[-85.19675,13.1653],[-85.20061,13.16834],[-85.2041,13.16748],[-85.20816,13.16444],[-85.20801,13.16058],[-85.21148,13.16072],[-85.21567,13.15628],[-85.22402,13.15415],[-85.22604,13.15162],[-85.23581,13.15371],[-85.24524,13.14288],[-85.25365,13.14189],[-85.26162,13.15119],[-85.26619,13.14827],[-85.26705,13.14594],[-85.26865,13.14588],[-85.27286,13.14765],[-85.27394,13.14932],[-85.2719,13.15983],[-85.2753,13.16068],[-85.28117,13.15736],[-85.28354,13.15883],[-85.28637,13.16495],[-85.29414,13.16389],[-85.29539,13.16486],[-85.29623,13.16755],[-85.29519,13.17071],[-85.29023,13.17593],[-85.29801,13.18056],[-85.30171,13.17745],[-85.30389,13.17731],[-85.30487,13.17414],[-85.31178,13.17534],[-85.31033,13.18308],[-85.31771,13.18517],[-85.31782,13.18942],[-85.31982,13.19284],[-85.3301,13.19503],[-85.33362,13.20637],[-85.34049,13.20682],[-85.34283,13.20878],[-85.34462,13.20869],[-85.34986,13.20238],[-85.35594,13.2033],[-85.36511,13.20038],[-85.36868,13.19793],[-85.37239,13.20157],[-85.37849,13.20439],[-85.38617,13.21674],[-85.39192,13.22091],[-85.39214,13.22314],[-85.39603,13.22358],[-85.39615,13.22693],[-85.39914,13.22808],[-85.40083,13.23068],[-85.39892,13.23266],[-85.40317,13.23507],[-85.4073,13.2463],[-85.41152,13.24702],[-85.41362,13.25189],[-85.41797,13.25121],[-85.42787,13.25852],[-85.43231,13.26035],[-85.43537,13.25817],[-85.43817,13.26004],[-85.43795,13.26532],[-85.43989,13.27092],[-85.4419,13.2723],[-85.44254,13.27511],[-85.44641,13.27992],[-85.44805,13.2847],[-85.45006,13.28565],[-85.45113,13.28858],[-85.46012,13.29257],[-85.46311,13.29583],[-85.4634,13.29788],[-85.46476,13.29799],[-85.4734,13.30679],[-85.47419,13.30953],[-85.47594,13.3096],[-85.47534,13.31355],[-85.47759,13.31295],[-85.47723,13.31737],[-85.4816,13.32179],[-85.48228,13.32448],[-85.48369,13.32521],[-85.48359,13.32732],[-85.49465,13.33076],[-85.49745,13.33945],[-85.49907,13.34039],[-85.50068,13.33949],[-85.50144,13.34099],[-85.4999,13.34262],[-85.5061,13.34713],[-85.50635,13.352],[-85.50893,13.35575],[-85.50725,13.35856],[-85.51019,13.35983],[-85.50981,13.3631],[-85.50808,13.36336],[-85.50966,13.36634],[-85.50723,13.36703],[-85.50725,13.36896],[-85.50101,13.36894],[-85.50443,13.37301],[-85.50288,13.37487],[-85.50573,13.38158],[-85.50466,13.38188],[-85.50535,13.38576],[-85.50348,13.38872],[-85.50455,13.39232],[-85.50084,13.39434],[-85.50102,13.39629],[-85.49914,13.39719],[-85.49913,13.40021],[-85.4874,13.43259],[-85.46991,13.44481],[-85.43577,13.48396],[-85.42442,13.49055],[-85.42401,13.49482],[-85.41516,13.49965],[-85.41382,13.4987],[-85.40701,13.50091],[-85.40824,13.50596],[-85.40513,13.51156],[-85.40552,13.51524],[-85.39424,13.52829],[-85.40757,13.54573],[-85.4025,13.59083],[-85.40628,13.60355],[-85.41055,13.60392],[-85.41156,13.60462],[-85.41047,13.60561],[-85.41165,13.6057],[-85.41499,13.60328],[-85.41588,13.60772],[-85.41823,13.61054],[-85.41742,13.61336],[-85.42042,13.61632],[-85.42027,13.61778],[-85.42242,13.61827],[-85.42314,13.62011],[-85.42427,13.61827],[-85.42835,13.62037],[-85.43053,13.62304],[-85.4304,13.62501],[-85.4337,13.62671],[-85.43433,13.62865],[-85.39303,13.65605],[-85.37515,13.70053],[-85.30014,13.70193],[-85.1649,13.7887],[-85.06769,13.73691],[-85.03559,13.76913],[-84.9007,13.96099],[-84.88831,13.96844],[-84.87331,13.98025],[-84.86049,14.03863],[-84.86385,14.04155],[-84.86435,14.04735],[-84.86862,14.05061],[-84.87229,14.05675],[-84.87324,14.068],[-84.87776,14.07872],[-84.88133,14.07898],[-84.88301,14.08083],[-84.87942,14.08383],[-84.88354,14.09752],[-84.88027,14.09849],[-84.88087,14.10083],[-84.87656,14.10185],[-84.87836,14.10317],[-84.87836,14.10536],[-84.88087,14.10419],[-84.88153,14.10521],[-84.88017,14.10628],[-84.87831,14.12347],[-84.82766,14.33503],[-84.94101,14.33428],[-84.94788,14.33866],[-84.94751,14.34471],[-84.95129,14.35221],[-84.95286,14.35124],[-84.95525,14.35235],[-84.95539,14.35005],[-84.95827,14.34946],[-84.96067,14.35641],[-84.96269,14.35635],[-84.96213,14.35843],[-84.96583,14.35889],[-84.96522,14.36204],[-84.96745,14.36947],[-84.97033,14.36975],[-84.97155,14.36533],[-84.97298,14.36743],[-84.97588,14.36624],[-84.98033,14.37494],[-84.97954,14.38882],[-84.98479,14.39092],[-84.98897,14.39854],[-84.99511,14.39976],[-84.99421,14.4032],[-84.99653,14.40511],[-84.99691,14.40716],[-84.99243,14.41338],[-84.99013,14.41327],[-84.98759,14.41109],[-84.98635,14.41219],[-84.98732,14.41464],[-84.9866,14.41594],[-84.98098,14.41641],[-84.97938,14.4189],[-84.98161,14.42357],[-84.97983,14.42838],[-84.98236,14.42951],[-84.98128,14.43171],[-84.98241,14.43634],[-84.98449,14.43879],[-84.98334,14.44123],[-84.98083,14.44039],[-84.98044,14.4433],[-84.98485,14.44596],[-84.98525,14.44735],[-84.98139,14.45048],[-84.98766,14.45278],[-84.98698,14.4553],[-84.98492,14.45417],[-84.98326,14.45668],[-84.9842,14.45938],[-84.98049,14.46227],[-84.98352,14.46396],[-84.98353,14.46833],[-84.98221,14.47007],[-84.97836,14.46796],[-84.97497,14.47512],[-84.97683,14.47643],[-84.97584,14.4787],[-84.97155,14.4776],[-84.96759,14.48271],[-84.96752,14.48714],[-84.96978,14.48963],[-84.96614,14.49],[-84.96597,14.49208],[-84.96337,14.49367],[-84.96442,14.49479],[-84.96637,14.49346],[-84.96651,14.49507],[-84.97082,14.49795],[-84.96999,14.49904],[-84.97097,14.50094],[-84.96892,14.5031],[-84.97484,14.50354],[-84.97659,14.50503],[-84.97687,14.50748],[-84.98789,14.50603],[-84.98923,14.50937],[-84.99456,14.51072],[-84.99814,14.51524],[-84.99723,14.51802],[-84.99959,14.51899],[-85.00281,14.52418],[-85.00167,14.53009],[-84.99686,14.53056],[-84.99943,14.53314],[-84.9958,14.53579],[-85.00176,14.54211],[-85.00115,14.54481],[-85.00288,14.54753],[-85.00148,14.55328],[-85.0026,14.55808],[-84.99836,14.55967],[-85.0002,14.56372],[-84.99676,14.56397],[-84.99692,14.57404],[-84.9946,14.57466],[-84.9937,14.57723],[-84.9956,14.57868],[-84.98889,14.58989],[-84.99111,14.59185],[-84.99033,14.59612],[-84.99432,14.59609],[-84.99683,14.59902],[-85.00057,14.59583],[-85.00429,14.59546],[-85.00222,14.59864],[-85.00357,14.59995],[-85.00941,14.59923],[-85.00872,14.60333],[-85.01102,14.6045],[-85.01309,14.60846],[-85.01703,14.60974],[-85.01881,14.61351],[-85.02292,14.61201],[-85.02361,14.60987],[-85.02598,14.60911],[-85.03696,14.60795],[-85.04311,14.6105],[-85.04262,14.6127],[-85.03287,14.6224],[-85.02629,14.62597],[-85.02387,14.63308],[-85.02455,14.63778],[-85.03274,14.64762],[-85.04542,14.64949],[-85.04955,14.6509],[-85.05072,14.65312],[-85.05043,14.66208],[-85.04606,14.67081],[-85.04011,14.67291],[-85.02826,14.67222],[-85.02605,14.67944],[-85.02053,14.68712],[-85.02179,14.69345],[-85.02767,14.6961],[-85.0286,14.70296],[-85.02389,14.70409],[-85.02194,14.70737],[-85.01528,14.7133],[-85.00953,14.71406],[-85.00122,14.72425],[-84.99529,14.72671],[-84.98953,14.73814],[-84.98679,14.7405],[-84.97267,14.74187],[-84.97082,14.74841],[-84.96774,14.74929],[-84.96023,14.75737],[-84.94305,14.75425],[-84.94058,14.75869],[-84.93152,14.75784],[-84.92746,14.75914],[-84.92406,14.76278],[-84.92303,14.76628],[-84.93104,14.76827],[-84.932,14.76988],[-84.93068,14.77274],[-84.9282,14.77577],[-84.92404,14.77761],[-84.92218,14.78133],[-84.92261,14.78464],[-84.91986,14.7869],[-84.91503,14.79521],[-84.91118,14.79751],[-84.90894,14.80546],[-84.89893,14.8158],[-84.88801,14.81272],[-84.87715,14.81702],[-84.8735,14.81381],[-84.87016,14.81286],[-84.85877,14.81169],[-84.85242,14.8127],[-84.85012,14.81859],[-84.8449,14.8248],[-84.83963,14.82358],[-84.83645,14.82579],[-84.83027,14.82604],[-84.82702,14.82886],[-84.81725,14.82938],[-84.80862,14.82254],[-84.80498,14.8212],[-84.79916,14.82173],[-84.79646,14.8177],[-84.79,14.81613],[-84.78802,14.81447],[-84.79177,14.81217],[-84.78981,14.80863],[-84.78673,14.79424],[-84.78166,14.78877],[-84.7707,14.78136],[-84.76901,14.78165],[-84.76216,14.77582],[-84.75424,14.77497],[-84.75122,14.77314],[-84.74899,14.76305],[-84.74948,14.75712],[-84.75211,14.75311],[-84.75817,14.75193],[-84.76063,14.75341],[-84.76447,14.76072],[-84.76667,14.7616],[-84.77212,14.75752],[-84.77242,14.74915],[-84.7685,14.7475],[-84.76137,14.74135],[-84.75699,14.74071],[-84.75326,14.74157],[-84.74904,14.74889],[-84.74617,14.75034],[-84.74233,14.74933],[-84.74102,14.74281],[-84.74178,14.73951],[-84.7484,14.7339],[-84.74964,14.73116],[-84.74555,14.72185],[-84.74481,14.71535],[-84.74288,14.71252],[-84.74011,14.71131],[-84.72928,14.70925],[-84.72725,14.69989],[-84.7241,14.69744],[-84.71847,14.69593],[-84.71268,14.69198],[-84.7054,14.69324],[-84.70223,14.69281],[-84.70075,14.69121],[-84.70182,14.68727],[-84.70633,14.68193],[-84.70588,14.67903],[-84.70192,14.67241],[-84.7036,14.66665],[-84.70168,14.66493],[-84.69778,14.664],[-84.69298,14.66702],[-84.67867,14.69212],[-84.67579,14.69495],[-84.67198,14.69554],[-84.66544,14.68954],[-84.67053,14.67983],[-84.66858,14.67421],[-84.66545,14.6726],[-84.65916,14.67395],[-84.64635,14.67197],[-84.6417,14.67288],[-84.63387,14.67844],[-84.63067,14.67757],[-84.62912,14.67553],[-84.62911,14.66546],[-84.62542,14.66269],[-84.62043,14.66298],[-84.61315,14.66598],[-84.59741,14.65883],[-84.59119,14.65999],[-84.58743,14.66672],[-84.58559,14.66761],[-84.58301,14.66632],[-84.58187,14.66406],[-84.58258,14.65532],[-84.57492,14.65189],[-84.57033,14.65445],[-84.5664,14.65939],[-84.56198,14.65663],[-84.55975,14.6509],[-84.55546,14.6564],[-84.55236,14.65784],[-84.54341,14.655],[-84.52677,14.65775],[-84.52432,14.65659],[-84.52209,14.65227],[-84.52321,14.6477],[-84.52821,14.64641],[-84.53634,14.6478],[-84.53849,14.64554],[-84.53623,14.63731],[-84.53332,14.63274],[-84.53001,14.63025],[-84.52663,14.62943],[-84.52514,14.63534],[-84.50828,14.63694],[-84.50606,14.63619],[-84.50551,14.63109],[-84.50281,14.62478],[-84.49958,14.62187],[-84.48921,14.61802],[-84.46888,14.61616],[-84.46607,14.62023],[-84.46319,14.6325],[-84.4513,14.63105],[-84.44442,14.6319],[-84.4407,14.63381],[-84.43375,14.63311],[-84.42427,14.64204],[-84.41464,14.64156],[-84.41199,14.64491],[-84.41487,14.65647],[-84.40282,14.663],[-84.38182,14.68268],[-84.37953,14.68731],[-84.37731,14.69736],[-84.37573,14.69965],[-84.3664,14.70514],[-84.36523,14.70849],[-84.3655,14.71501],[-84.36385,14.71748],[-84.36156,14.71724],[-84.35746,14.71413],[-84.35449,14.70854],[-84.34445,14.70186],[-84.34442,14.7006],[-84.35262,14.69267],[-84.35416,14.68896],[-84.35413,14.68583],[-84.3494,14.67982],[-84.34146,14.67635],[-84.32962,14.67514],[-84.32457,14.67618],[-84.31816,14.6822],[-84.30988,14.68467],[-84.30385,14.67771],[-84.29988,14.66559],[-84.29694,14.66294],[-84.2881,14.66368],[-84.28173,14.66114],[-84.27687,14.66215],[-84.26606,14.67115],[-84.26232,14.67209],[-84.25861,14.67489],[-84.25789,14.67845],[-84.25854,14.68097],[-84.26647,14.68673],[-84.26632,14.69199],[-84.26386,14.69516],[-84.26304,14.69868],[-84.26723,14.71192],[-84.2733,14.72366],[-84.27186,14.73441],[-84.26285,14.74424],[-84.25432,14.74961],[-84.24659,14.7523],[-84.23539,14.76061],[-84.22713,14.75996],[-84.22473,14.75853],[-84.22281,14.7549],[-84.22281,14.74904],[-84.22964,14.73926],[-84.22954,14.73596],[-84.22798,14.73368],[-84.22217,14.73142],[-84.21237,14.73442],[-84.20961,14.73287],[-84.20689,14.72805],[-84.19911,14.72113],[-84.18854,14.71578],[-84.16684,14.7145],[-84.15553,14.71859],[-84.14837,14.7191],[-84.13386,14.72987],[-84.12537,14.73392],[-84.11373,14.73294],[-84.09946,14.72872],[-84.09579,14.73014],[-84.0974,14.73678],[-84.10352,14.74655],[-84.11612,14.77301],[-84.11728,14.78136],[-84.11554,14.78687],[-84.11319,14.78985],[-84.11028,14.79121],[-84.08815,14.78991],[-84.08204,14.78709],[-84.07985,14.78012],[-84.08237,14.77397],[-84.08416,14.76344],[-84.08263,14.75901],[-84.08036,14.75726],[-84.05657,14.76477],[-84.05339,14.76698],[-84.04878,14.77423],[-84.04406,14.77587],[-84.0399,14.77313],[-84.03879,14.76789],[-84.03941,14.76349],[-84.04509,14.75421],[-84.0452,14.75209],[-84.03894,14.74834],[-84.03341,14.74699],[-84.02156,14.74453],[-84.01447,14.74594],[-84.00282,14.7596],[-83.9973,14.76168],[-83.9935,14.75829],[-83.99137,14.75156],[-83.98831,14.7487],[-83.97247,14.74725],[-83.94431,14.75939],[-83.93122,14.75636],[-83.92611,14.74799],[-83.91833,14.75122],[-83.91938,14.7548],[-83.9249,14.76111],[-83.93698,14.76596],[-83.93945,14.77271],[-83.93753,14.77636],[-83.93524,14.7777],[-83.92862,14.77835],[-83.92087,14.77454],[-83.91787,14.77004],[-83.91511,14.76927],[-83.91158,14.76927],[-83.90525,14.7758],[-83.90198,14.77721],[-83.89855,14.77458],[-83.89662,14.77],[-83.88854,14.7651],[-83.8817,14.76717],[-83.87748,14.77114],[-83.87511,14.77155],[-83.86938,14.76961],[-83.86568,14.77011],[-83.85675,14.77837],[-83.84825,14.77309],[-83.8445,14.77291],[-83.8374,14.77928],[-83.83475,14.78388],[-83.83187,14.79411],[-83.82916,14.7968],[-83.82339,14.79664],[-83.81204,14.7891],[-83.8082,14.79105],[-83.8062,14.79819],[-83.80398,14.80014],[-83.79704,14.80143],[-83.78511,14.80623],[-83.78248,14.81102],[-83.78207,14.8187],[-83.78428,14.82176],[-83.78366,14.82368],[-83.78061,14.82359],[-83.77917,14.8221],[-83.77678,14.811],[-83.77483,14.80953],[-83.76114,14.80601],[-83.75813,14.8065],[-83.75513,14.80843],[-83.75235,14.81364],[-83.75184,14.81838],[-83.75482,14.82597],[-83.75374,14.83059],[-83.75117,14.83167],[-83.74631,14.82979],[-83.74366,14.82812],[-83.73734,14.81942],[-83.73194,14.81918],[-83.72983,14.82067],[-83.72864,14.82446],[-83.73356,14.83668],[-83.73336,14.83949],[-83.72935,14.84136],[-83.72665,14.84047],[-83.7249,14.8385],[-83.72413,14.83068],[-83.7217,14.82956],[-83.71769,14.8309],[-83.71601,14.83294],[-83.71561,14.84066],[-83.71265,14.84291],[-83.71084,14.84287],[-83.70815,14.84028],[-83.70475,14.82535],[-83.70064,14.82451],[-83.69757,14.82849],[-83.69707,14.83143],[-83.70084,14.84117],[-83.6994,14.84687],[-83.69998,14.85032],[-83.70352,14.85322],[-83.70819,14.85364],[-83.71168,14.85304],[-83.71957,14.84815],[-83.72202,14.8512],[-83.72164,14.85555],[-83.71693,14.85854],[-83.71161,14.85838],[-83.70728,14.85625],[-83.70337,14.85663],[-83.69796,14.85966],[-83.69391,14.86571],[-83.69348,14.87183],[-83.69538,14.8774],[-83.69404,14.88012],[-83.69229,14.88086],[-83.68749,14.87826],[-83.68505,14.8686],[-83.68249,14.86645],[-83.67858,14.86674],[-83.6691,14.87716],[-83.65903,14.8801],[-83.6501,14.87889],[-83.64417,14.88235],[-83.63573,14.87983],[-83.62475,14.87857],[-83.61893,14.87505],[-83.61574,14.87451],[-83.61399,14.8768],[-83.61518,14.88163],[-83.61441,14.88625],[-83.60937,14.89041],[-83.60855,14.89371],[-83.60933,14.89542],[-83.61428,14.89836],[-83.61461,14.89993],[-83.61159,14.90085],[-83.60079,14.90027],[-83.59773,14.90088],[-83.59314,14.90407],[-83.59247,14.90782],[-83.59339,14.90989],[-83.59987,14.91399],[-83.6006,14.91653],[-83.59863,14.91972],[-83.59671,14.92047],[-83.58546,14.91642],[-83.58023,14.9113],[-83.57757,14.91184],[-83.57301,14.91813],[-83.57123,14.9189],[-83.56388,14.91272],[-83.56,14.91236],[-83.5594,14.91456],[-83.56184,14.92796],[-83.55989,14.93911],[-83.55686,14.94103],[-83.54436,14.93771],[-83.53938,14.93943],[-83.53821,14.94117],[-83.53915,14.94551],[-83.54379,14.94475],[-83.54709,14.9474],[-83.54911,14.95338],[-83.54859,14.95716],[-83.54655,14.95736],[-83.54157,14.95118],[-83.53766,14.94889],[-83.53219,14.94844],[-83.52902,14.95007],[-83.53234,14.95757],[-83.53873,14.96242],[-83.53863,14.97007],[-83.54094,14.97523],[-83.53993,14.98021],[-83.53822,14.98129],[-83.53495,14.9807],[-83.53036,14.97488],[-83.52523,14.97394],[-83.52296,14.978],[-83.52326,14.98029],[-83.52854,14.98602],[-83.52929,14.99196],[-83.52458,14.99491],[-83.51727,14.99023],[-83.51515,14.99088],[-83.51359,14.99383],[-83.51407,15.0003],[-83.50858,15.0024],[-83.50131,15.01084],[-83.49144,15.01014],[-83.48329,15.00463],[-83.47633,15.00386],[-83.48009,14.99078],[-83.47217,14.99018],[-83.46577,14.98349],[-83.46024,14.98075],[-83.44755,14.98537],[-83.44298,14.99277],[-83.4405,14.99431],[-83.43016,14.99525],[-83.42044,14.99032],[-83.42017,14.99622],[-83.41349,15.00369],[-83.40942,15.00013],[-83.40621,14.9991],[-83.4057,15.00947],[-83.40043,15.01623],[-83.4061,15.02133],[-83.40682,15.02339],[-83.40456,15.02821],[-83.40084,15.02963],[-83.39482,15.02651],[-83.3876,15.01851],[-83.38163,15.01529],[-83.36347,15.01531],[-83.35995,15.01426],[-83.35775,15.0022],[-83.35521,14.99896],[-83.34831,14.99526],[-83.34635,14.99547],[-83.34604,14.99695],[-83.34783,15.0074],[-83.34714,15.00896],[-83.34432,15.01012],[-83.3333,15.00807],[-83.31939,15.00248],[-83.29884,14.99912],[-83.29126,15.00028],[-83.27641,15.006],[-83.27426,15.00451],[-83.27332,15.00134],[-83.27924,14.99281],[-83.2777,14.98766],[-83.27478,14.98697],[-83.27001,14.98906],[-83.2638,14.98833],[-83.25251,14.98989],[-83.24022,14.98333],[-83.23247,14.98251],[-83.21797,14.98987],[-83.21177,14.99441],[-83.19856,14.99903],[-83.19526,14.99888],[-83.17788,14.99102],[-83.17458,14.99064],[-83.16546,14.99379],[-83.14132,14.99816],[-83.09944,15.01444],[-82.88167,15.09028],[-82.8811,15.07158],[-82.87887,15.05299],[-82.86999,15.01807],[-82.85525,14.98501],[-82.84541,14.96887],[-82.83417,14.95361],[-82.56556,14.94583],[-82.55556,14.94306],[-82.49,14.8875],[-82.48823,14.88725],[-82.47983,14.85587],[-82.47677,14.82535],[-82.47805,14.79843],[-82.52955,14.35512],[-82.53556,14.32336],[-82.6113,14.08521],[-82.62025,14.06213],[-83.11857,13.04891],[-83.43398,13.05076],[-83.53993,13.0264],[-83.54173,13.02733],[-83.542,13.02488],[-83.54479,13.02329],[-83.55327,13.02889],[-83.55332,13.03009],[-83.55532,13.02935],[-83.55621,13.03069],[-83.55836,13.03066],[-83.56071,13.02867],[-83.56442,13.02907],[-83.56717,13.02738],[-83.56679,13.02643],[-83.57153,13.02479],[-83.57253,13.02568],[-83.57415,13.0249],[-83.57445,13.02678],[-83.57603,13.02498],[-83.5802,13.02462],[-83.58249,13.0209],[-83.58302,13.02304],[-83.58699,13.02275],[-83.58842,13.02474],[-83.58963,13.0243],[-83.59108,13.02714],[-83.59265,13.027],[-83.59475,13.02906],[-83.59488,13.03108],[-83.59762,13.03186],[-83.59733,13.03294],[-83.5985,13.03213],[-83.60473,13.03547],[-83.60631,13.03478],[-83.60668,13.03568],[-83.60893,13.03405],[-83.61098,13.03476],[-83.61094,13.03733],[-83.61477,13.0373],[-83.61661,13.03875],[-83.61672,13.04099],[-83.61824,13.0407],[-83.62553,13.0473],[-83.62792,13.04584],[-83.62951,13.04694],[-83.63106,13.04573],[-83.63573,13.04618]]]}},{"type":"Feature","properties":{"nombre":"Región Autónoma de la Costa Caribe Sur","iso":"NI-AS"},"geometry":{"type":"Polygon","coordinates":[[[-83.79968,11.04912],[-83.82262,11.05179],[-83.84186,11.04884],[-83.85706,11.05343],[-83.864,11.05275],[-83.86927,11.05397],[-83.87976,11.04812],[-83.88168,11.04334],[-83.88574,11.04405],[-83.88655,11.04762],[-83.88864,11.04975],[-83.88932,11.05446],[-83.89737,11.0585],[-83.89501,11.05972],[-83.89592,11.06471],[-83.89195,11.06475],[-83.89339,11.06721],[-83.89131,11.06783],[-83.89165,11.07245],[-83.89744,11.07419],[-83.89901,11.07941],[-83.90525,11.08411],[-83.90462,11.08608],[-83.90259,11.0871],[-83.9047,11.09124],[-83.90111,11.0992],[-83.9033,11.10555],[-83.90215,11.10753],[-83.90355,11.10974],[-83.8994,11.11124],[-83.89852,11.11275],[-83.90215,11.11394],[-83.90321,11.11946],[-83.90714,11.12177],[-83.9099,11.11645],[-83.91244,11.11741],[-83.91365,11.12026],[-83.91586,11.11997],[-83.9149,11.11666],[-83.91768,11.11574],[-83.9174,11.11387],[-83.92111,11.10865],[-83.92449,11.11112],[-83.92562,11.10935],[-83.92797,11.10974],[-83.92927,11.10775],[-83.92989,11.10999],[-83.92893,11.11136],[-83.934,11.1111],[-83.93243,11.11472],[-83.93606,11.11677],[-83.93679,11.1162],[-83.93503,11.11366],[-83.93608,11.11136],[-83.94586,11.11371],[-83.94528,11.10952],[-83.94783,11.10677],[-83.9429,11.10826],[-83.94417,11.1034],[-83.95195,11.09984],[-83.95235,11.10102],[-83.95422,11.10107],[-83.95518,11.09918],[-83.95963,11.10158],[-83.96261,11.10094],[-83.96088,11.09838],[-83.96305,11.09738],[-83.96452,11.09446],[-83.96481,11.09844],[-83.96713,11.09992],[-83.96452,11.1018],[-83.96496,11.10309],[-83.97387,11.10101],[-83.97753,11.10303],[-83.97618,11.10601],[-83.97855,11.10862],[-83.98215,11.10331],[-83.98805,11.1041],[-83.98712,11.10037],[-83.98889,11.09914],[-83.99335,11.10226],[-83.99777,11.09908],[-84.00221,11.10118],[-84.00328,11.09867],[-84.00704,11.09594],[-84.00708,11.09368],[-84.00881,11.09282],[-84.00748,11.08915],[-84.00886,11.08941],[-84.011,11.09428],[-84.01304,11.09423],[-84.01682,11.08959],[-84.01983,11.08887],[-84.02427,11.09004],[-84.02467,11.08902],[-84.02201,11.08851],[-84.02198,11.08705],[-84.02356,11.08467],[-84.02697,11.08334],[-84.02893,11.08663],[-84.03443,11.08735],[-84.03617,11.08882],[-84.03882,11.0944],[-84.04505,11.09427],[-84.04421,11.09966],[-84.04758,11.10103],[-84.05046,11.10428],[-84.04788,11.10665],[-84.04883,11.10827],[-84.05186,11.10912],[-84.05191,11.11537],[-84.05366,11.11829],[-84.05139,11.12104],[-84.05798,11.12426],[-84.05738,11.12582],[-84.05257,11.12608],[-84.04857,11.12864],[-84.04873,11.13106],[-84.05192,11.12914],[-84.05231,11.13261],[-84.05807,11.12926],[-84.06063,11.1304],[-84.05959,11.13317],[-84.06071,11.13447],[-84.06343,11.13354],[-84.06336,11.13174],[-84.06602,11.13018],[-84.0684,11.13237],[-84.07178,11.13325],[-84.07244,11.13054],[-84.07859,11.1286],[-84.0814,11.12428],[-84.08601,11.12254],[-84.08607,11.12515],[-84.09171,11.12883],[-84.09428,11.1283],[-84.09647,11.13121],[-84.09945,11.13207],[-84.10459,11.12994],[-84.1094,11.13546],[-84.11068,11.13374],[-84.1157,11.13403],[-84.12208,11.13126],[-84.12509,11.13257],[-84.12619,11.13466],[-84.12878,11.13489],[-84.13391,11.13042],[-84.13761,11.1322],[-84.13817,11.13565],[-84.14738,11.13619],[-84.15023,11.13382],[-84.15062,11.13778],[-84.15716,11.1377],[-84.1596,11.13944],[-84.15959,11.14312],[-84.17048,11.14166],[-84.1714,11.14655],[-84.17762,11.15073],[-84.21763,11.23146],[-84.30552,11.27731],[-84.32677,11.28145],[-84.43696,11.40065],[-84.45619,11.41244],[-84.47585,11.41956],[-84.52018,11.45858],[-84.54688,11.45543],[-84.56275,11.48535],[-84.56379,11.5211],[-84.5543,11.54428],[-84.56562,11.56731],[-84.55525,11.5787],[-84.55197,11.59169],[-84.53387,11.59684],[-84.52391,11.61348],[-84.53025,11.63679],[-84.53168,11.65932],[-84.54072,11.66814],[-84.56834,11.70131],[-84.54613,11.77411],[-84.56453,11.77794],[-84.57928,11.8158],[-84.57831,11.82286],[-84.57743,11.82276],[-84.57806,11.82712],[-84.58118,11.82861],[-84.58093,11.83032],[-84.58581,11.83029],[-84.5873,11.82918],[-84.58875,11.83233],[-84.58736,11.83334],[-84.58944,11.83664],[-84.59636,11.83873],[-84.5962,11.8433],[-84.59772,11.84825],[-84.59966,11.84636],[-84.60237,11.84703],[-84.60454,11.84593],[-84.60408,11.84811],[-84.60264,11.8484],[-84.60466,11.85154],[-84.60416,11.85325],[-84.60617,11.85438],[-84.60369,11.85996],[-84.60576,11.86218],[-84.60551,11.86455],[-84.60777,11.86606],[-84.60668,11.86696],[-84.60475,11.86527],[-84.60266,11.86595],[-84.60005,11.86465],[-84.59751,11.86693],[-84.59056,11.86562],[-84.58933,11.86654],[-84.58915,11.86251],[-84.58554,11.85911],[-84.57793,11.85864],[-84.57323,11.85528],[-84.56742,11.85389],[-84.53769,11.87213],[-84.52555,11.87246],[-84.54972,11.90577],[-84.57573,11.92242],[-84.59145,11.94102],[-84.6276,11.95677],[-84.64221,11.96013],[-84.67199,11.97237],[-84.72535,12.00298],[-84.72483,12.02337],[-84.7354,12.12737],[-84.758,12.15717],[-84.75625,12.16048],[-84.75763,12.16682],[-84.7556,12.17069],[-84.75368,12.17136],[-84.76461,12.17715],[-84.77196,12.19606],[-84.77304,12.19608],[-84.80084,12.24031],[-84.79695,12.24577],[-84.79733,12.24852],[-84.79982,12.24934],[-84.79974,12.25151],[-84.79523,12.254],[-84.79457,12.25575],[-84.79089,12.25602],[-84.79097,12.25826],[-84.78711,12.26134],[-84.7875,12.26376],[-84.78585,12.2664],[-84.78196,12.26934],[-84.77956,12.26925],[-84.77757,12.27505],[-84.77564,12.27706],[-84.77564,12.27927],[-84.79558,12.31007],[-84.79554,12.31554],[-84.80112,12.33735],[-84.84585,12.35408],[-84.84733,12.37731],[-84.86364,12.4075],[-84.8736,12.412],[-84.87142,12.41221],[-84.86808,12.41713],[-84.8634,12.41862],[-84.86323,12.42181],[-84.8581,12.42696],[-84.8579,12.42909],[-84.86016,12.43054],[-84.85565,12.43616],[-84.85266,12.44558],[-84.85021,12.44861],[-84.85128,12.4571],[-84.85053,12.45903],[-84.84631,12.46173],[-84.85128,12.47214],[-84.84738,12.47555],[-84.84401,12.47545],[-84.83931,12.47771],[-84.8378,12.48234],[-84.84256,12.48686],[-84.84273,12.49157],[-84.85089,12.4882],[-84.85824,12.48879],[-84.86136,12.49174],[-84.86923,12.49345],[-84.87281,12.49726],[-84.87363,12.49931],[-84.87206,12.50171],[-84.87536,12.50602],[-84.87471,12.51085],[-84.87954,12.5148],[-84.87945,12.51835],[-84.88188,12.51824],[-84.88318,12.51627],[-84.88547,12.51773],[-84.88627,12.52099],[-84.88502,12.52242],[-84.88755,12.52321],[-84.88729,12.52732],[-84.89038,12.52767],[-84.89029,12.53029],[-84.89175,12.53173],[-84.88792,12.53505],[-84.89005,12.53638],[-84.88801,12.54306],[-84.88986,12.54677],[-84.89192,12.5467],[-84.89115,12.54981],[-84.89435,12.55103],[-84.89314,12.55473],[-84.89475,12.55597],[-84.89409,12.56324],[-84.89594,12.56349],[-84.8959,12.56561],[-84.89828,12.56695],[-84.89869,12.57054],[-84.90041,12.57161],[-84.90201,12.57554],[-84.90513,12.57785],[-84.91388,12.58077],[-84.91782,12.58633],[-84.91987,12.58699],[-84.9194,12.58935],[-84.92118,12.59135],[-84.92484,12.59123],[-84.92808,12.59271],[-84.9281,12.59598],[-84.93009,12.59853],[-84.92938,12.60144],[-84.93253,12.60443],[-84.93113,12.61082],[-84.93595,12.61219],[-84.9341,12.61431],[-84.9364,12.61638],[-84.94469,12.61608],[-84.94496,12.61899],[-84.94858,12.61754],[-84.94835,12.61925],[-84.95228,12.62372],[-84.95321,12.63051],[-84.95545,12.63169],[-84.97919,12.65964],[-84.9801,12.66262],[-84.98167,12.66275],[-84.98293,12.66498],[-84.98541,12.66612],[-84.98544,12.66757],[-84.98809,12.6687],[-84.98976,12.67453],[-84.99558,12.67914],[-84.99725,12.68427],[-85.00028,12.68341],[-85.0021,12.68502],[-85.00078,12.68749],[-85.00188,12.68853],[-85.00125,12.68939],[-85.00581,12.69134],[-85.00792,12.6945],[-85.00766,12.69724],[-85.00576,12.69886],[-85.00711,12.70307],[-85.0055,12.70582],[-85.00702,12.70762],[-85.00493,12.70848],[-85.00748,12.70933],[-85.00729,12.71185],[-85.00929,12.71525],[-85.0077,12.71846],[-85.00859,12.72111],[-85.00691,12.72209],[-85.00683,12.72546],[-85.00811,12.72716],[-85.00605,12.72867],[-85.0073,12.72967],[-85.00564,12.73071],[-85.007,12.73363],[-85.01031,12.7332],[-85.01088,12.73669],[-85.01561,12.73582],[-85.01796,12.74245],[-85.01602,12.74464],[-85.01842,12.74686],[-85.02046,12.75261],[-85.02394,12.75598],[-85.02646,12.75263],[-85.02949,12.7536],[-85.04803,12.77394],[-85.05031,12.78051],[-85.05266,12.78188],[-85.05736,12.77915],[-85.0608,12.78042],[-85.07147,12.78812],[-85.07411,12.79214],[-85.07926,12.79311],[-85.08012,12.79878],[-85.08187,12.80088],[-85.08744,12.80077],[-85.09113,12.79855],[-85.0966,12.8003],[-85.10799,12.79497],[-85.11039,12.795],[-85.11901,12.78914],[-85.12116,12.78497],[-85.12374,12.78452],[-85.13621,12.79251],[-85.13838,12.79186],[-85.14366,12.80299],[-85.14681,12.80496],[-85.1478,12.8074],[-85.15824,12.8113],[-85.16182,12.81423],[-85.16433,12.81318],[-85.16353,12.81026],[-85.16538,12.80874],[-85.17364,12.80888],[-85.17397,12.80606],[-85.17846,12.80786],[-85.18064,12.80569],[-85.18245,12.81169],[-85.18403,12.81142],[-85.18482,12.81447],[-85.18789,12.81477],[-85.18606,12.81546],[-85.18567,12.8175],[-85.18688,12.81898],[-85.18619,12.82071],[-85.18747,12.82258],[-85.18672,12.82356],[-85.1883,12.83085],[-85.19175,12.83752],[-85.19704,12.84211],[-85.19539,12.84354],[-85.19864,12.84513],[-85.19674,12.84929],[-85.19859,12.85227],[-85.19679,12.85265],[-85.19543,12.85568],[-85.1976,12.85703],[-85.19668,12.85966],[-85.19567,12.86153],[-85.19446,12.86036],[-85.19242,12.86124],[-85.19274,12.86437],[-85.18815,12.86807],[-85.18962,12.87076],[-85.18545,12.87645],[-85.18714,12.87758],[-85.18803,12.88179],[-85.19006,12.88236],[-85.18831,12.88777],[-85.18634,12.88808],[-85.18628,12.89092],[-85.18464,12.89119],[-85.18379,12.89362],[-85.18485,12.89458],[-85.18319,12.89617],[-85.18418,12.89793],[-85.18286,12.89836],[-85.1846,12.90104],[-85.18254,12.90138],[-85.1833,12.90411],[-85.18463,12.90276],[-85.1853,12.9046],[-85.18271,12.90615],[-85.18496,12.90721],[-85.18404,12.90909],[-85.18508,12.90857],[-85.18656,12.91237],[-85.18854,12.91266],[-85.18813,12.91433],[-85.19042,12.91409],[-85.19104,12.91552],[-85.18962,12.91741],[-85.1908,12.91906],[-85.18876,12.91959],[-85.19105,12.92045],[-85.19116,12.92347],[-85.19224,12.92329],[-85.19255,12.92551],[-85.19109,12.92599],[-85.19182,12.92828],[-85.19083,12.92896],[-85.19167,12.93075],[-85.1889,12.9328],[-85.19039,12.93462],[-85.18918,12.93508],[-85.18965,12.93768],[-85.18799,12.93917],[-85.18879,12.94179],[-85.18769,12.94165],[-85.1858,12.94446],[-85.1831,12.94408],[-85.18066,12.94642],[-85.17808,12.9455],[-85.17762,12.94722],[-85.18,12.95222],[-85.18263,12.95321],[-85.18215,12.95497],[-85.1857,12.95763],[-85.18542,12.9591],[-85.189,12.96333],[-85.19133,12.96425],[-85.19735,12.97976],[-85.19072,12.98243],[-85.19145,12.98511],[-85.18841,12.98906],[-85.18866,12.99091],[-85.18666,12.9906],[-85.18473,12.99431],[-85.18547,12.9959],[-85.18358,12.99726],[-85.1788,13.00756],[-85.17537,13.00705],[-85.17551,13.00593],[-85.17201,13.00417],[-85.17345,13.00351],[-85.17045,13.0031],[-85.17021,13.00057],[-85.16853,13.00157],[-85.16787,13.00084],[-85.16784,12.99944],[-85.1692,12.99951],[-85.16795,12.99849],[-85.1679,12.99453],[-85.16609,12.99359],[-85.16631,12.9899],[-85.16248,12.98589],[-85.16069,12.97855],[-85.15715,12.97582],[-85.15488,12.97843],[-85.15484,12.9803],[-85.15082,12.98026],[-85.15241,12.98088],[-85.15244,12.98559],[-85.15065,12.9858],[-85.15124,12.98733],[-85.14997,12.98757],[-85.14963,12.98539],[-85.14908,12.98738],[-85.14701,12.98799],[-85.14844,12.98864],[-85.14722,12.98942],[-85.14889,12.98938],[-85.14804,12.99125],[-85.14893,12.99259],[-85.1478,12.99276],[-85.14782,12.99504],[-85.14648,12.99482],[-85.14738,12.99543],[-85.14619,12.99709],[-85.14739,12.99779],[-85.14481,12.99981],[-85.14463,13.00287],[-85.14302,13.00447],[-85.14333,13.00626],[-85.14519,13.00636],[-85.14604,13.00989],[-85.1438,13.01073],[-85.1442,13.01181],[-85.14283,13.01113],[-85.14302,13.01304],[-85.14134,13.01249],[-85.14253,13.01416],[-85.14154,13.01843],[-85.13939,13.01694],[-85.13986,13.01794],[-85.13794,13.01816],[-85.13815,13.01965],[-85.13481,13.02117],[-85.13632,13.02308],[-85.13401,13.02382],[-85.13248,13.02241],[-85.13095,13.02416],[-85.12907,13.03044],[-85.13077,13.03173],[-85.12955,13.03615],[-85.1264,13.03832],[-85.12213,13.03675],[-85.12193,13.04031],[-85.11798,13.03974],[-85.11536,13.04107],[-85.11581,13.04559],[-85.11155,13.04519],[-85.1101,13.04852],[-85.10635,13.04664],[-85.10586,13.04844],[-85.10764,13.05194],[-85.10601,13.05363],[-85.10702,13.05551],[-85.10341,13.05997],[-85.10183,13.05945],[-85.10108,13.06123],[-85.09916,13.06119],[-85.09872,13.06404],[-85.09446,13.06183],[-85.09431,13.06638],[-85.09277,13.06541],[-85.09205,13.06753],[-85.09027,13.06726],[-85.08921,13.07121],[-85.09216,13.07215],[-85.0938,13.07479],[-85.09514,13.07428],[-85.09447,13.07523],[-85.09643,13.07584],[-85.09679,13.0785],[-85.09844,13.07833],[-85.09811,13.08131],[-85.10078,13.08266],[-85.10098,13.08458],[-85.10496,13.0892],[-85.10738,13.08988],[-85.11003,13.09613],[-85.10987,13.09861],[-85.11205,13.10037],[-85.11193,13.10394],[-85.10511,13.12664],[-85.10041,13.12277],[-85.1,13.12376],[-85.0994,13.12277],[-85.09816,13.1234],[-85.09752,13.12218],[-85.09436,13.12241],[-85.094,13.12138],[-85.09017,13.12313],[-85.08872,13.12139],[-85.08756,13.12261],[-85.08599,13.12205],[-85.08539,13.12444],[-85.08183,13.12567],[-85.0802,13.13066],[-85.07484,13.13021],[-85.07188,13.12723],[-85.07176,13.12361],[-85.07004,13.1242],[-85.06821,13.12189],[-85.06781,13.12305],[-85.06633,13.12041],[-85.06409,13.12114],[-85.06431,13.11915],[-85.06293,13.12062],[-85.06306,13.11836],[-85.0591,13.11605],[-85.05945,13.11476],[-85.05828,13.11442],[-85.0593,13.11403],[-85.05787,13.11283],[-85.05886,13.11216],[-85.05793,13.11114],[-85.05968,13.1102],[-85.05915,13.1086],[-85.05767,13.10846],[-85.05732,13.10692],[-85.05339,13.10699],[-85.05185,13.10405],[-85.05051,13.10463],[-85.05092,13.10324],[-85.04701,13.10322],[-85.04733,13.09999],[-85.04364,13.09755],[-85.03922,13.10336],[-85.03945,13.108],[-85.03428,13.10611],[-85.0366,13.10102],[-85.03109,13.1015],[-85.03012,13.10383],[-85.02086,13.10276],[-85.01938,13.10375],[-85.01546,13.10058],[-85.01236,13.10548],[-85.013,13.10238],[-85.00555,13.09825],[-85.0026,13.10732],[-85.00156,13.10772],[-84.99204,13.10274],[-84.99185,13.09967],[-84.98871,13.09936],[-84.98686,13.09761],[-84.97976,13.09706],[-84.97762,13.09586],[-84.97721,13.09326],[-84.97346,13.09208],[-84.96928,13.08873],[-84.96614,13.09303],[-84.96766,13.09583],[-84.96637,13.10025],[-84.96027,13.0962],[-84.95693,13.09613],[-84.94827,13.09229],[-84.94766,13.09324],[-84.94975,13.09476],[-84.94707,13.09672],[-84.9486,13.09966],[-84.9469,13.10059],[-84.94808,13.10271],[-84.94606,13.10491],[-84.94278,13.10087],[-84.94274,13.09781],[-84.94162,13.09703],[-84.93962,13.09862],[-84.92766,13.10068],[-84.92716,13.10888],[-84.93219,13.11072],[-84.932,13.11411],[-84.92439,13.12267],[-84.91866,13.1226],[-84.91553,13.12599],[-84.90909,13.12933],[-84.90656,13.12649],[-84.89597,13.126],[-84.89406,13.12162],[-84.89185,13.12095],[-84.88541,13.1216],[-84.88698,13.12608],[-84.88602,13.12784],[-84.88771,13.12926],[-84.88656,13.13012],[-84.88305,13.12843],[-84.87902,13.12936],[-84.87443,13.12637],[-84.8618,13.12733],[-84.85832,13.12618],[-84.85251,13.1272],[-84.85176,13.12871],[-84.85372,13.13412],[-84.85046,13.1363],[-84.85159,13.1392],[-84.84877,13.13989],[-84.84857,13.1441],[-84.84181,13.14185],[-84.83826,13.14567],[-84.83895,13.14971],[-84.83614,13.1522],[-84.82782,13.15525],[-84.82318,13.14881],[-84.81693,13.15076],[-84.81167,13.14728],[-84.80522,13.15071],[-84.80206,13.15057],[-84.79398,13.16758],[-84.76117,13.22655],[-84.53596,13.25559],[-84.33193,13.25758],[-84.31525,13.26989],[-84.31379,13.2748],[-84.3106,13.2781],[-84.30284,13.28215],[-84.29917,13.28573],[-84.29627,13.28386],[-84.29333,13.28465],[-84.28725,13.28207],[-84.28518,13.27942],[-84.27555,13.28254],[-84.26919,13.28097],[-84.26292,13.2859],[-84.25812,13.27963],[-84.25827,13.27463],[-84.25596,13.27382],[-84.25511,13.27167],[-84.25343,13.27219],[-84.25185,13.27023],[-84.25145,13.27127],[-84.25004,13.27056],[-84.24979,13.26919],[-84.2486,13.27059],[-84.24545,13.26854],[-84.24276,13.26996],[-84.23758,13.26954],[-84.23657,13.27115],[-84.23426,13.27114],[-84.23343,13.27291],[-84.22637,13.27426],[-84.22511,13.27637],[-84.22168,13.27604],[-84.22221,13.27879],[-84.21724,13.28208],[-84.21662,13.28443],[-84.21619,13.28301],[-84.21516,13.2848],[-84.21471,13.28298],[-84.21357,13.28307],[-84.21399,13.2844],[-84.20981,13.28661],[-84.20964,13.28831],[-84.20657,13.28875],[-84.20426,13.29088],[-84.20364,13.2898],[-84.20248,13.29027],[-84.20252,13.28896],[-84.20116,13.29132],[-84.20008,13.28849],[-84.19388,13.2894],[-84.18992,13.28702],[-84.18792,13.28775],[-84.18961,13.28858],[-84.18701,13.28906],[-84.18752,13.29021],[-84.18884,13.28946],[-84.18729,13.29116],[-84.18655,13.28978],[-84.18054,13.2929],[-84.17969,13.29108],[-84.17961,13.29298],[-84.17773,13.2919],[-84.1765,13.29268],[-84.17635,13.29112],[-84.17571,13.29264],[-84.17441,13.29252],[-84.1759,13.29363],[-84.17394,13.29288],[-84.17281,13.29459],[-84.17285,13.2933],[-84.1706,13.29256],[-84.16541,13.29319],[-84.16257,13.29164],[-84.16205,13.29274],[-84.16165,13.29132],[-84.16,13.29246],[-84.16084,13.29377],[-84.15881,13.29341],[-84.15792,13.29435],[-84.15907,13.29483],[-84.15751,13.29618],[-84.15624,13.296],[-84.15628,13.29444],[-84.15498,13.29645],[-84.15397,13.2962],[-84.15476,13.29757],[-84.15318,13.29693],[-84.15249,13.29806],[-84.15167,13.29645],[-84.15071,13.29716],[-84.15142,13.29838],[-84.14995,13.2989],[-84.15204,13.29988],[-84.15043,13.30319],[-84.15265,13.30439],[-84.15079,13.30666],[-84.15229,13.30802],[-84.14983,13.30984],[-84.14712,13.30974],[-84.14678,13.31129],[-84.146,13.30875],[-84.14352,13.30989],[-84.14364,13.30765],[-84.14191,13.30832],[-84.14106,13.30729],[-84.13932,13.30861],[-84.13852,13.3073],[-84.13944,13.30641],[-84.1372,13.30664],[-84.13685,13.30489],[-84.13458,13.3061],[-84.13317,13.29855],[-84.13018,13.29668],[-84.12925,13.29954],[-83.98346,13.27345],[-83.89458,13.25913],[-83.88769,13.26107],[-83.88107,13.25853],[-83.87785,13.25865],[-83.87093,13.26321],[-83.86118,13.26557],[-83.85598,13.26016],[-83.85307,13.25914],[-83.85071,13.25423],[-83.84732,13.25354],[-83.84461,13.25002],[-83.84207,13.25066],[-83.83749,13.24496],[-83.83181,13.24378],[-83.82281,13.24546],[-83.81912,13.24056],[-83.81392,13.24087],[-83.81008,13.24374],[-83.80415,13.24286],[-83.80402,13.24454],[-83.80031,13.24648],[-83.79953,13.24567],[-83.79889,13.24713],[-83.79437,13.24917],[-83.79186,13.24823],[-83.78908,13.24972],[-83.7877,13.24737],[-83.78684,13.24915],[-83.78214,13.24963],[-83.78018,13.24118],[-83.78249,13.23834],[-83.78182,13.23536],[-83.78399,13.23363],[-83.78437,13.23088],[-83.78889,13.23201],[-83.78951,13.22957],[-83.79124,13.22877],[-83.79041,13.22651],[-83.79236,13.22638],[-83.7937,13.22437],[-83.79455,13.22688],[-83.79713,13.22654],[-83.79891,13.22321],[-83.79588,13.22094],[-83.79727,13.21205],[-83.7943,13.20572],[-83.79176,13.2052],[-83.79178,13.20367],[-83.78656,13.19937],[-83.77927,13.19843],[-83.77541,13.19303],[-83.77462,13.18808],[-83.77546,13.1788],[-83.77713,13.17826],[-83.77684,13.17694],[-83.77927,13.17357],[-83.78035,13.16987],[-83.77906,13.16828],[-83.77923,13.16592],[-83.78499,13.1501],[-83.78091,13.12891],[-83.76291,13.13084],[-83.75606,13.13001],[-83.75369,13.13157],[-83.74861,13.13223],[-83.74355,13.12956],[-83.73965,13.12537],[-83.73104,13.12071],[-83.73,13.11882],[-83.73156,13.11542],[-83.73121,13.11285],[-83.72577,13.11395],[-83.72033,13.11836],[-83.71534,13.11614],[-83.70823,13.10912],[-83.69477,13.11073],[-83.68864,13.10651],[-83.68423,13.10524],[-83.68049,13.102],[-83.67731,13.10162],[-83.67691,13.09888],[-83.66576,13.09691],[-83.66031,13.09331],[-83.65716,13.09343],[-83.65609,13.09191],[-83.65103,13.09323],[-83.64919,13.0925],[-83.64574,13.09403],[-83.6456,13.09194],[-83.64975,13.09016],[-83.64931,13.08658],[-83.65137,13.08589],[-83.65129,13.08443],[-83.6544,13.08246],[-83.65485,13.08058],[-83.65674,13.08186],[-83.6569,13.08008],[-83.66004,13.07778],[-83.64123,13.06762],[-83.64007,13.06334],[-83.64079,13.0529],[-83.63981,13.04969],[-83.63672,13.04932],[-83.6351,13.04584],[-83.63106,13.04573],[-83.62951,13.04694],[-83.62792,13.04584],[-83.62553,13.0473],[-83.61824,13.0407],[-83.61672,13.04099],[-83.61661,13.03875],[-83.61477,13.0373],[-83.61094,13.03733],[-83.61098,13.03476],[-83.60893,13.03405],[-83.60668,13.03568],[-83.60631,13.03478],[-83.60473,13.03547],[-83.5985,13.03213],[-83.59733,13.03294],[-83.59762,13.03186],[-83.59488,13.03108],[-83.59475,13.02906],[-83.59265,13.027],[-83.59108,13.02714],[-83.58963,13.0243],[-83.58842,13.02474],[-83.58699,13.02275],[-83.58302,13.02304],[-83.58249,13.0209],[-83.5802,13.02462],[-83.57603,13.02498],[-83.57445,13.02678],[-83.57415,13.0249],[-83.57253,13.02568],[-83.57153,13.02479],[-83.56679,13.02643],[-83.56717,13.02738],[-83.56442,13.02907],[-83.56071,13.02867],[-83.55836,13.03066],[-83.55621,13.03069],[-83.55532,13.02935],[-83.55332,13.03009],[-83.55327,13.02889],[-83.54479,13.02329],[-83.542,13.02488],[-83.54173,13.02733],[-83.53993,13.0264],[-83.43398,13.05076],[-83.11857,13.04891],[-83.10607,13.02068],[-82.7769,12.36087],[-82.76999,12.34247],[-82.76539,12.32552],[-82.76076,12.29078],[-82.76077,12.27324],[-82.76298,12.25143],[-82.77147,12.21739],[-82.77979,12.19706],[-82.78803,12.18151],[-82.852,12.07942],[-83.27517,11.25062],[-83.34839,11.24903],[-83.49625,11.23436],[-83.59847,11.13564],[-83.6285,11.10114],[-83.65214,11.06969],[-83.6658,11.04902],[-83.79968,11.04912]]]}},{"type":"Feature","properties":{"nombre":"Río San Juan","iso":"NI-SJ"},"geometry":{"type":"MultiPolygon","coordinates":[[[[-83.69765,10.94038],[-83.69749,10.93477],[-83.69244,10.93601],[-83.68865,10.9343],[-83.68094,10.91658],[-83.67856,10.9156],[-83.67769,10.91302],[-83.67557,10.91144],[-83.67621,10.91025],[-83.67923,10.90985],[-83.67637,10.90639],[-83.67733,10.90137],[-83.68297,10.89773],[-83.67831,10.8953],[-83.6759,10.89194],[-83.6709,10.89206],[-83.66832,10.88937],[-83.66856,10.88486],[-83.66687,10.88006],[-83.66755,10.87611],[-83.67029,10.87108],[-83.675,10.85284],[-83.67221,10.84586],[-83.67058,10.83636],[-83.66645,10.82942],[-83.66262,10.82587],[-83.66065,10.81818],[-83.66958,10.79804],[-83.68265,10.79236],[-83.68982,10.7914],[-83.69231,10.78876],[-83.69599,10.78727],[-83.69991,10.78757],[-83.71146,10.79255],[-83.71554,10.79226],[-83.72576,10.78373],[-83.73236,10.78409],[-83.73553,10.7821],[-83.74611,10.77954],[-83.74574,10.77799],[-83.75031,10.77739],[-83.75369,10.77488],[-83.76092,10.77457],[-83.76479,10.76871],[-83.78395,10.7718],[-83.79267,10.76924],[-83.79547,10.76564],[-83.79966,10.75524],[-83.80652,10.75147],[-83.80873,10.74795],[-83.81195,10.74602],[-83.82275,10.74923],[-83.84086,10.74346],[-83.85358,10.72877],[-83.85849,10.72114],[-83.86278,10.7175],[-83.86982,10.71584],[-83.87676,10.719],[-83.89029,10.72176],[-83.91379,10.71122],[-83.93137,10.70739],[-83.93491,10.71032],[-83.93563,10.71922],[-83.93755,10.72126],[-83.95324,10.72368],[-83.96716,10.72907],[-83.9691,10.73261],[-83.97004,10.74067],[-83.97196,10.74498],[-83.98229,10.74878],[-83.99025,10.75438],[-83.99314,10.75894],[-83.99837,10.76007],[-84.00532,10.76439],[-84.00967,10.77305],[-84.01368,10.77702],[-84.01818,10.78934],[-84.02324,10.79219],[-84.02725,10.79203],[-84.03142,10.78737],[-84.03343,10.77372],[-84.03529,10.77152],[-84.04179,10.77108],[-84.04802,10.77814],[-84.05518,10.77839],[-84.06042,10.77529],[-84.06175,10.77314],[-84.06179,10.76431],[-84.07174,10.7596],[-84.0852,10.76137],[-84.10231,10.77433],[-84.10623,10.77386],[-84.11081,10.76839],[-84.11764,10.76314],[-84.11936,10.76474],[-84.12162,10.76373],[-84.12672,10.76503],[-84.132,10.7716],[-84.13303,10.78462],[-84.13687,10.78696],[-84.16431,10.78519],[-84.17578,10.78608],[-84.19101,10.78986],[-84.19595,10.78488],[-84.20083,10.78174],[-84.20271,10.78183],[-84.20599,10.78522],[-84.20838,10.79168],[-84.20482,10.79447],[-84.20567,10.79723],[-84.21163,10.80068],[-84.2237,10.80173],[-84.22638,10.80456],[-84.2288,10.81137],[-84.23556,10.81329],[-84.23768,10.81608],[-84.23739,10.8196],[-84.22018,10.82537],[-84.21898,10.83122],[-84.21534,10.83829],[-84.21502,10.84326],[-84.21947,10.85528],[-84.21944,10.86412],[-84.22569,10.87394],[-84.22862,10.87554],[-84.23734,10.87629],[-84.23933,10.87768],[-84.24258,10.88357],[-84.24591,10.88604],[-84.25757,10.89102],[-84.26155,10.8915],[-84.26509,10.89027],[-84.26959,10.89205],[-84.27996,10.89253],[-84.28453,10.89451],[-84.2923,10.91186],[-84.30006,10.91659],[-84.30705,10.91676],[-84.3104,10.92188],[-84.3161,10.91636],[-84.32305,10.91803],[-84.32656,10.92504],[-84.33132,10.93004],[-84.33434,10.93647],[-84.3363,10.94586],[-84.33967,10.94797],[-84.35083,10.95051],[-84.35124,10.95447],[-84.34783,10.96631],[-84.34226,10.97107],[-84.34194,10.97424],[-84.351,10.98764],[-84.35874,10.99583],[-84.37605,10.97759],[-84.39958,10.97536],[-84.41977,10.95536],[-84.45019,10.96089],[-84.45003,10.9621],[-84.48593,11.00091],[-84.56417,11.03308],[-84.57442,11.05064],[-84.60573,11.03788],[-84.66633,11.07196],[-84.68055,11.0844],[-84.91023,10.94344],[-85.17934,11.04473],[-85.18084,11.05517],[-85.1773,11.05963],[-85.18126,11.06209],[-85.18203,11.06574],[-85.18484,11.06812],[-85.18262,11.07011],[-85.18332,11.07279],[-85.18557,11.07436],[-85.18661,11.07805],[-85.18918,11.07909],[-85.18769,11.08106],[-85.18968,11.08528],[-85.18795,11.0864],[-85.18581,11.08569],[-85.18422,11.08715],[-85.18468,11.08913],[-85.18697,11.08993],[-85.1907,11.09503],[-85.1094,11.64017],[-85.11632,11.6445],[-85.11681,11.64712],[-85.11165,11.65328],[-85.10779,11.65535],[-85.10687,11.66222],[-85.10248,11.66401],[-85.09703,11.6625],[-85.09418,11.6641],[-85.09102,11.66932],[-85.0938,11.67185],[-85.09248,11.67413],[-85.08924,11.67189],[-85.08795,11.67292],[-85.08853,11.67538],[-85.08642,11.67562],[-85.08574,11.67231],[-85.08256,11.67267],[-85.0823,11.67387],[-85.08036,11.67143],[-85.07857,11.67126],[-85.07599,11.67478],[-85.07294,11.67479],[-85.07306,11.67703],[-85.06771,11.68276],[-85.06446,11.68981],[-85.06185,11.69135],[-85.06084,11.68982],[-85.0574,11.69081],[-85.05963,11.69257],[-85.05856,11.69443],[-85.05626,11.69106],[-85.0549,11.69143],[-85.05547,11.69568],[-85.05077,11.69777],[-85.05048,11.69963],[-85.05211,11.69915],[-85.0505,11.70106],[-85.04816,11.70105],[-85.04906,11.6997],[-85.04728,11.69875],[-85.04779,11.70037],[-85.04528,11.70216],[-85.04664,11.70294],[-85.04613,11.70577],[-85.04419,11.70405],[-85.04453,11.70496],[-85.04275,11.70504],[-85.04274,11.70703],[-85.03734,11.70191],[-85.03707,11.7045],[-85.03533,11.70472],[-85.03642,11.70396],[-85.03551,11.70187],[-85.03221,11.70044],[-85.02928,11.6952],[-85.02729,11.69526],[-85.02781,11.69756],[-85.02626,11.69836],[-85.02566,11.6977],[-85.02689,11.69685],[-85.02565,11.69577],[-85.02438,11.69847],[-85.02201,11.69746],[-85.02087,11.69886],[-85.02006,11.69605],[-85.01841,11.696],[-85.0202,11.70236],[-85.01654,11.69909],[-85.01308,11.70017],[-85.01314,11.70283],[-85.01067,11.70351],[-85.01175,11.70605],[-85.00888,11.70628],[-85.00777,11.70969],[-85.00417,11.70926],[-85.00515,11.71023],[-85.00305,11.71237],[-85.00586,11.71324],[-85.00539,11.71439],[-85.00038,11.71459],[-85.00032,11.7116],[-84.99811,11.71186],[-84.99978,11.71493],[-84.99874,11.71763],[-85.00191,11.71742],[-84.99905,11.71997],[-84.99948,11.72262],[-84.99761,11.72508],[-84.99538,11.72454],[-84.98834,11.72817],[-84.98848,11.73104],[-84.98728,11.73228],[-84.98805,11.73383],[-84.98606,11.73087],[-84.98279,11.7327],[-84.97877,11.72956],[-84.97694,11.73374],[-84.97868,11.73716],[-84.97834,11.73948],[-84.97685,11.74012],[-84.97606,11.73762],[-84.97358,11.73724],[-84.97482,11.74126],[-84.97297,11.74329],[-84.96991,11.74388],[-84.96594,11.75066],[-84.97253,11.7525],[-84.97231,11.75543],[-84.96858,11.75604],[-84.97322,11.76044],[-84.97201,11.7614],[-84.97009,11.75953],[-84.9693,11.76395],[-84.96702,11.76699],[-84.96323,11.76642],[-84.9642,11.76437],[-84.96318,11.76377],[-84.95918,11.76569],[-84.95808,11.7688],[-84.95882,11.77144],[-84.95528,11.77389],[-84.95763,11.7763],[-84.95783,11.78046],[-84.95625,11.77887],[-84.95232,11.77818],[-84.95322,11.77977],[-84.95114,11.78152],[-84.95126,11.78396],[-84.94939,11.78223],[-84.9461,11.78506],[-84.937,11.78344],[-84.93303,11.78593],[-84.9313,11.784],[-84.92079,11.78941],[-84.91757,11.78713],[-84.91738,11.78923],[-84.91409,11.79011],[-84.91406,11.79232],[-84.91079,11.79504],[-84.90496,11.79386],[-84.90364,11.79599],[-84.90087,11.79676],[-84.8986,11.79461],[-84.89609,11.79544],[-84.8954,11.79442],[-84.89422,11.79711],[-84.89297,11.79635],[-84.8891,11.79851],[-84.88761,11.79653],[-84.88724,11.8013],[-84.88461,11.80332],[-84.88377,11.80272],[-84.88521,11.79952],[-84.88194,11.79903],[-84.88139,11.80148],[-84.88271,11.80521],[-84.88018,11.80618],[-84.88024,11.81001],[-84.87813,11.80774],[-84.87685,11.80855],[-84.87759,11.81128],[-84.87614,11.81298],[-84.87567,11.81846],[-84.87228,11.82122],[-84.86967,11.81996],[-84.86635,11.82456],[-84.86381,11.82361],[-84.86204,11.82435],[-84.8633,11.82564],[-84.8609,11.82586],[-84.85442,11.83245],[-84.85488,11.83555],[-84.84834,11.83907],[-84.84661,11.83793],[-84.84494,11.83985],[-84.83852,11.84078],[-84.83486,11.84798],[-84.83206,11.8495],[-84.83057,11.85539],[-84.83203,11.85904],[-84.82758,11.8603],[-84.82665,11.85781],[-84.82432,11.85781],[-84.82484,11.86081],[-84.8214,11.85984],[-84.81928,11.86054],[-84.81855,11.86245],[-84.81723,11.86105],[-84.815,11.86211],[-84.81284,11.86138],[-84.81028,11.86325],[-84.80865,11.86882],[-84.80963,11.87551],[-84.80849,11.87738],[-84.80098,11.87938],[-84.79952,11.87793],[-84.79643,11.87792],[-84.78779,11.88003],[-84.76725,11.88003],[-84.7629,11.87906],[-84.75782,11.87603],[-84.7568,11.87782],[-84.75272,11.8797],[-84.75107,11.87724],[-84.75007,11.87873],[-84.74757,11.87694],[-84.74562,11.877],[-84.74503,11.87824],[-84.74247,11.87789],[-84.7415,11.87533],[-84.74159,11.8766],[-84.73969,11.8762],[-84.73988,11.87704],[-84.73562,11.87806],[-84.73391,11.8804],[-84.73251,11.87946],[-84.72978,11.88151],[-84.7255,11.87916],[-84.72091,11.87909],[-84.71903,11.87742],[-84.71374,11.87936],[-84.7113,11.87823],[-84.70651,11.87989],[-84.70574,11.87839],[-84.70322,11.87875],[-84.69801,11.87515],[-84.69366,11.87705],[-84.69012,11.87558],[-84.6871,11.87748],[-84.68352,11.87545],[-84.68048,11.87729],[-84.67786,11.87714],[-84.67674,11.87611],[-84.67365,11.87645],[-84.67411,11.87546],[-84.67219,11.87302],[-84.66689,11.8753],[-84.6625,11.87014],[-84.65846,11.87096],[-84.65897,11.8686],[-84.65752,11.86778],[-84.6592,11.86593],[-84.65914,11.86148],[-84.66082,11.86073],[-84.66067,11.85827],[-84.65942,11.85759],[-84.66152,11.85708],[-84.66061,11.85329],[-84.65824,11.85013],[-84.65605,11.85021],[-84.65303,11.84678],[-84.65001,11.84741],[-84.64759,11.84954],[-84.64638,11.84876],[-84.64589,11.85007],[-84.64322,11.85001],[-84.64377,11.84817],[-84.64205,11.84513],[-84.64428,11.84045],[-84.6429,11.83834],[-84.61976,11.83515],[-84.60454,11.84593],[-84.60237,11.84703],[-84.59966,11.84636],[-84.59772,11.84825],[-84.5962,11.8433],[-84.59636,11.83873],[-84.58944,11.83664],[-84.58736,11.83334],[-84.58875,11.83233],[-84.5873,11.82918],[-84.58581,11.83029],[-84.58093,11.83032],[-84.58118,11.82861],[-84.57876,11.82796],[-84.57763,11.82621],[-84.57928,11.8158],[-84.56453,11.77794],[-84.54613,11.77411],[-84.56834,11.70131],[-84.54072,11.66814],[-84.53168,11.65932],[-84.53025,11.63679],[-84.52391,11.61348],[-84.53387,11.59684],[-84.55197,11.59169],[-84.55525,11.5787],[-84.56562,11.56731],[-84.5543,11.54428],[-84.56379,11.5211],[-84.56275,11.48535],[-84.54688,11.45543],[-84.52018,11.45858],[-84.47585,11.41956],[-84.45619,11.41244],[-84.43696,11.40065],[-84.32677,11.28145],[-84.30552,11.27731],[-84.21763,11.23146],[-84.17762,11.15073],[-84.1714,11.14655],[-84.17048,11.14166],[-84.15959,11.14312],[-84.1596,11.13944],[-84.15716,11.1377],[-84.15062,11.13778],[-84.15023,11.13382],[-84.14738,11.13619],[-84.13817,11.13565],[-84.13761,11.1322],[-84.13391,11.13042],[-84.12878,11.13489],[-84.12619,11.13466],[-84.12509,11.13257],[-84.12208,11.13126],[-84.1157,11.13403],[-84.11068,11.13374],[-84.1094,11.13546],[-84.10459,11.12994],[-84.09945,11.13207],[-84.09647,11.13121],[-84.09428,11.1283],[-84.09171,11.12883],[-84.08607,11.12515],[-84.08601,11.12254],[-84.0814,11.12428],[-84.07859,11.1286],[-84.07244,11.13054],[-84.07178,11.13325],[-84.0684,11.13237],[-84.06602,11.13018],[-84.06336,11.13174],[-84.06343,11.13354],[-84.06071,11.13447],[-84.05959,11.13317],[-84.06063,11.1304],[-84.05807,11.12926],[-84.05231,11.13261],[-84.05192,11.12914],[-84.04873,11.13106],[-84.04857,11.12864],[-84.05257,11.12608],[-84.05738,11.12582],[-84.05798,11.12426],[-84.05139,11.12104],[-84.05366,11.11829],[-84.05191,11.11537],[-84.05186,11.10912],[-84.04883,11.10827],[-84.04788,11.10665],[-84.05046,11.10428],[-84.04758,11.10103],[-84.04421,11.09966],[-84.04505,11.09427],[-84.03882,11.0944],[-84.03617,11.08882],[-84.03443,11.08735],[-84.02893,11.08663],[-84.02697,11.08334],[-84.02222,11.08652],[-84.02201,11.08851],[-84.02476,11.08925],[-84.02371,11.09034],[-84.01983,11.08887],[-84.01733,11.08941],[-84.01369,11.0937],[-84.01135,11.09439],[-84.00794,11.08885],[-84.00881,11.09282],[-84.00708,11.09368],[-84.00704,11.09594],[-84.00328,11.09867],[-84.00249,11.10106],[-83.99777,11.09908],[-83.99335,11.10226],[-83.98889,11.09914],[-83.98712,11.10037],[-83.98805,11.1041],[-83.98215,11.10331],[-83.9789,11.10854],[-83.97731,11.10822],[-83.97618,11.10601],[-83.97753,11.10303],[-83.97387,11.10101],[-83.96496,11.10309],[-83.96452,11.1018],[-83.96713,11.09992],[-83.96481,11.09844],[-83.96452,11.09446],[-83.96305,11.09738],[-83.96088,11.09838],[-83.96261,11.10094],[-83.95963,11.10158],[-83.95518,11.09918],[-83.95422,11.10107],[-83.95235,11.10102],[-83.95195,11.09984],[-83.94417,11.1034],[-83.9429,11.10826],[-83.94783,11.10677],[-83.94528,11.10952],[-83.94586,11.11371],[-83.93608,11.11136],[-83.93503,11.11366],[-83.93679,11.1162],[-83.93606,11.11677],[-83.93243,11.11472],[-83.934,11.1111],[-83.92893,11.11136],[-83.92989,11.10999],[-83.92927,11.10775],[-83.92797,11.10974],[-83.92562,11.10935],[-83.92449,11.11112],[-83.92111,11.10865],[-83.9174,11.11387],[-83.91768,11.11574],[-83.9149,11.11666],[-83.9155,11.12027],[-83.91365,11.12026],[-83.91244,11.11741],[-83.9099,11.11645],[-83.90749,11.12177],[-83.90481,11.12107],[-83.90293,11.11886],[-83.90215,11.11394],[-83.89852,11.11275],[-83.8994,11.11124],[-83.90355,11.10974],[-83.90215,11.10753],[-83.9033,11.10555],[-83.90111,11.0992],[-83.9047,11.09124],[-83.90259,11.0871],[-83.90462,11.08608],[-83.90525,11.08411],[-83.89901,11.07941],[-83.89744,11.07419],[-83.89165,11.07245],[-83.89131,11.06783],[-83.89339,11.06721],[-83.89195,11.06475],[-83.89592,11.06471],[-83.89501,11.05972],[-83.89737,11.0585],[-83.88932,11.05446],[-83.8863,11.04477],[-83.88263,11.0431],[-83.88083,11.04393],[-83.87976,11.04812],[-83.86927,11.05397],[-83.864,11.05275],[-83.85706,11.05343],[-83.84186,11.04884],[-83.82262,11.05179],[-83.79968,11.04912],[-83.6658,11.04902],[-83.68067,11.02739],[-83.69439,10.97303],[-83.69765,10.94038]]],[[[-83.67565,10.92597],[-83.67564,10.93074],[-83.67292,10.93145],[-83.67315,10.9342],[-83.66728,10.93023],[-83.67138,10.92681],[-83.67565,10.92597]]]]}},{"type":"Feature","properties":{"nombre":"Rivas","iso":"NI-RI"},"geometry":{"type":"Polygon","coordinates":[[[-86.33176,11.37035],[-86.172,11.5193],[-86.17118,11.52121],[-86.17216,11.52477],[-86.16358,11.52852],[-86.16548,11.5319],[-86.16163,11.53551],[-86.16216,11.53835],[-86.156,11.54449],[-86.15555,11.54959],[-86.15702,11.55407],[-86.15282,11.55369],[-86.15127,11.55501],[-86.15223,11.55723],[-86.147,11.55819],[-86.149,11.56035],[-86.1495,11.56398],[-86.14772,11.56996],[-86.14963,11.5743],[-86.14802,11.57433],[-86.14776,11.57613],[-86.14491,11.57736],[-86.14567,11.57957],[-86.14201,11.58296],[-86.1379,11.58444],[-86.13758,11.5872],[-86.13499,11.58682],[-86.13183,11.58871],[-86.13147,11.59122],[-86.12859,11.59143],[-86.12496,11.59704],[-86.12214,11.59718],[-86.11916,11.59927],[-86.11937,11.60166],[-86.11777,11.60279],[-86.12092,11.6048],[-86.11919,11.60664],[-86.1158,11.60584],[-86.11745,11.60763],[-86.11652,11.60861],[-86.1139,11.60907],[-86.11319,11.60738],[-86.11227,11.60886],[-86.11092,11.60853],[-86.11206,11.61083],[-86.11013,11.61274],[-86.10699,11.61205],[-86.10677,11.61326],[-86.09856,11.60993],[-86.09768,11.61095],[-86.09593,11.60877],[-86.09474,11.60937],[-86.09403,11.60616],[-86.09026,11.60658],[-86.0899,11.60498],[-86.08793,11.60543],[-86.08474,11.60218],[-86.0806,11.60256],[-86.07615,11.60523],[-86.07506,11.60431],[-86.07151,11.60714],[-86.06873,11.60752],[-86.06853,11.60905],[-86.06467,11.61226],[-86.06028,11.61046],[-86.05786,11.61156],[-86.05505,11.60895],[-86.05077,11.60796],[-86.04599,11.60949],[-86.04376,11.60769],[-86.03756,11.6084],[-86.02646,11.61938],[-86.0221,11.62853],[-86.00478,11.63795],[-86.00418,11.63976],[-85.99574,11.64726],[-85.98213,11.65104],[-85.97759,11.65604],[-85.975,11.65481],[-85.97374,11.65726],[-85.96451,11.65862],[-85.96114,11.66215],[-85.95387,11.66482],[-85.95308,11.66691],[-85.94755,11.66633],[-85.94373,11.67003],[-85.93878,11.67187],[-85.93737,11.6721],[-85.93672,11.67063],[-85.92485,11.67594],[-85.92044,11.67594],[-85.90581,11.68521],[-85.90484,11.69013],[-85.89996,11.69364],[-85.89737,11.69272],[-85.89902,11.69161],[-85.89854,11.68952],[-85.89658,11.69012],[-85.89687,11.69212],[-85.89595,11.68966],[-85.89437,11.68968],[-85.8949,11.69221],[-85.89296,11.69945],[-85.88038,11.7077],[-85.87844,11.70213],[-85.87104,11.70073],[-85.67037,11.7096],[-85.14969,11.36714],[-85.1907,11.09503],[-85.18697,11.08993],[-85.18468,11.08913],[-85.18422,11.08715],[-85.18581,11.08569],[-85.18795,11.0864],[-85.18968,11.08528],[-85.18769,11.08106],[-85.18918,11.07909],[-85.18661,11.07805],[-85.18557,11.07436],[-85.18332,11.07279],[-85.18262,11.07011],[-85.18484,11.06812],[-85.18203,11.06574],[-85.18126,11.06209],[-85.1773,11.05963],[-85.18084,11.05517],[-85.17915,11.0452],[-85.23001,11.06367],[-85.35717,11.1262],[-85.42381,11.12882],[-85.52328,11.16811],[-85.5604,11.21004],[-85.6099,11.21957],[-85.70266,11.06412],[-85.72079,11.06587],[-85.72778,11.06884],[-85.74119,11.06564],[-85.76258,11.06561],[-85.77614,11.06322],[-85.78642,11.06492],[-85.828,11.05692],[-85.85689,11.04575],[-85.87997,11.05369],[-85.95539,11.08692],[-86.01083,11.097],[-86.02235,11.09708],[-86.04153,11.11807],[-86.0673,11.15422],[-86.07654,11.16261],[-86.1047,11.17593],[-86.13378,11.19602],[-86.14794,11.20892],[-86.16174,11.22395],[-86.18555,11.24499],[-86.20772,11.27219],[-86.22683,11.28891],[-86.25578,11.30178],[-86.27385,11.31259],[-86.28819,11.32295],[-86.31089,11.34391],[-86.33176,11.37035]]]}}]}